20-Mar-2025 19:38:08.448 INFO [main] org.apache.catalina.startup.VersionLoggerListener.log Nombre de la versión del servidor: Apache Tomcat/9.0.98
20-Mar-2025 19:38:08.453 INFO [main] org.apache.catalina.startup.VersionLoggerListener.log Server built:                      Dec 5 2024 19:50:29 UTC
20-Mar-2025 19:38:08.453 INFO [main] org.apache.catalina.startup.VersionLoggerListener.log Número de versión de servidor:     9.0.98.0
20-Mar-2025 19:38:08.454 INFO [main] org.apache.catalina.startup.VersionLoggerListener.log OS Name:                           Windows 11
20-Mar-2025 19:38:08.454 INFO [main] org.apache.catalina.startup.VersionLoggerListener.log Versión de Systema Operativo:      10.0
20-Mar-2025 19:38:08.454 INFO [main] org.apache.catalina.startup.VersionLoggerListener.log Arquitectura:                      amd64
20-Mar-2025 19:38:08.455 INFO [main] org.apache.catalina.startup.VersionLoggerListener.log Java Home:                         C:\Program Files\Java\jdk-21
20-Mar-2025 19:38:08.455 INFO [main] org.apache.catalina.startup.VersionLoggerListener.log JVM Version:                       21.0.5+9-LTS-239
20-Mar-2025 19:38:08.455 INFO [main] org.apache.catalina.startup.VersionLoggerListener.log Vededor JVM:                       Oracle Corporation
20-Mar-2025 19:38:08.455 INFO [main] org.apache.catalina.startup.VersionLoggerListener.log CATALINA_BASE:                     C:\Program Files\apache-tomcat-9.0.98
20-Mar-2025 19:38:08.455 INFO [main] org.apache.catalina.startup.VersionLoggerListener.log CATALINA_HOME:                     C:\Program Files\apache-tomcat-9.0.98
20-Mar-2025 19:38:08.469 INFO [main] org.apache.catalina.startup.VersionLoggerListener.log Command line argument:             --add-opens=java.base/java.lang=ALL-UNNAMED
20-Mar-2025 19:38:08.470 INFO [main] org.apache.catalina.startup.VersionLoggerListener.log Command line argument:             --add-opens=java.base/java.io=ALL-UNNAMED
20-Mar-2025 19:38:08.470 INFO [main] org.apache.catalina.startup.VersionLoggerListener.log Command line argument:             --add-opens=java.base/java.util=ALL-UNNAMED
20-Mar-2025 19:38:08.472 INFO [main] org.apache.catalina.startup.VersionLoggerListener.log Command line argument:             --add-opens=java.base/java.util.concurrent=ALL-UNNAMED
20-Mar-2025 19:38:08.472 INFO [main] org.apache.catalina.startup.VersionLoggerListener.log Command line argument:             --add-opens=java.rmi/sun.rmi.transport=ALL-UNNAMED
20-Mar-2025 19:38:08.472 INFO [main] org.apache.catalina.startup.VersionLoggerListener.log Command line argument:             -Djava.util.logging.config.file=C:\Program Files\apache-tomcat-9.0.98\conf\logging.properties
20-Mar-2025 19:38:08.472 INFO [main] org.apache.catalina.startup.VersionLoggerListener.log Command line argument:             -Djava.util.logging.manager=org.apache.juli.ClassLoaderLogManager
20-Mar-2025 19:38:08.472 INFO [main] org.apache.catalina.startup.VersionLoggerListener.log Command line argument:             -Djdk.tls.ephemeralDHKeySize=2048
20-Mar-2025 19:38:08.472 INFO [main] org.apache.catalina.startup.VersionLoggerListener.log Command line argument:             -Djava.protocol.handler.pkgs=org.apache.catalina.webresources
20-Mar-2025 19:38:08.473 INFO [main] org.apache.catalina.startup.VersionLoggerListener.log Command line argument:             -Dignore.endorsed.dirs=
20-Mar-2025 19:38:08.473 INFO [main] org.apache.catalina.startup.VersionLoggerListener.log Command line argument:             -Dcatalina.base=C:\Program Files\apache-tomcat-9.0.98
20-Mar-2025 19:38:08.474 INFO [main] org.apache.catalina.startup.VersionLoggerListener.log Command line argument:             -Dcatalina.home=C:\Program Files\apache-tomcat-9.0.98
20-Mar-2025 19:38:08.474 INFO [main] org.apache.catalina.startup.VersionLoggerListener.log Command line argument:             -Djava.io.tmpdir=C:\Program Files\apache-tomcat-9.0.98\temp
20-Mar-2025 19:38:08.481 INFO [main] org.apache.catalina.core.AprLifecycleListener.lifecycleEvent Cargada la biblioteca nativa APR de Apache Tomcat [1.3.1] con la versión APR [1.7.4].
20-Mar-2025 19:38:08.481 INFO [main] org.apache.catalina.core.AprLifecycleListener.lifecycleEvent Capacidades APR: IPv6 [true], enviar fichero [true], aceptar filtros [false], aleatorio [true], UDS [true].
20-Mar-2025 19:38:08.481 INFO [main] org.apache.catalina.core.AprLifecycleListener.lifecycleEvent APR/OpenSSL configuration: useAprConnector [false], useOpenSSL [true]
20-Mar-2025 19:38:08.491 INFO [main] org.apache.catalina.core.AprLifecycleListener.initializeSSL OpenSSL inicializado correctamente [OpenSSL 3.0.14 4 Jun 2024]
20-Mar-2025 19:38:08.951 INFO [main] org.apache.coyote.AbstractProtocol.init Inicializando el manejador de protocolo ["http-nio-8080"]

20-Mar-2025 19:38:08.986 INFO [main] org.apache.catalina.startup.Catalina.load Server initialization in [878] milliseconds
20-Mar-2025 19:38:09.045 INFO [main] org.apache.catalina.core.StandardService.startInternal Arrancando servicio [Catalina]
20-Mar-2025 19:38:09.046 INFO [main] org.apache.catalina.core.StandardEngine.startInternal Starting Servlet engine: [Apache Tomcat/9.0.98]
20-Mar-2025 19:38:09.069 INFO [main] org.apache.catalina.startup.HostConfig.deployWAR Despliegue del archivo [C:\Program Files\apache-tomcat-9.0.98\webapps\afirma-signature-retriever.war] de la aplicación web
20-Mar-2025 19:38:09.543 INFO [main] org.apache.catalina.startup.HostConfig.deployWAR Deployment of web application archive [C:\Program Files\apache-tomcat-9.0.98\webapps\afirma-signature-retriever.war] has finished in [469] ms
20-Mar-2025 19:38:09.546 INFO [main] org.apache.catalina.startup.HostConfig.deployWAR Despliegue del archivo [C:\Program Files\apache-tomcat-9.0.98\webapps\afirma-signature-storage.war] de la aplicación web
20-Mar-2025 19:38:09.629 INFO [main] org.apache.catalina.startup.HostConfig.deployWAR Deployment of web application archive [C:\Program Files\apache-tomcat-9.0.98\webapps\afirma-signature-storage.war] has finished in [83] ms
20-Mar-2025 19:38:09.631 INFO [main] org.apache.catalina.startup.HostConfig.deployDirectory Desplegando el directorio [C:\Program Files\apache-tomcat-9.0.98\webapps\docs] de la aplicación web
20-Mar-2025 19:38:09.682 INFO [main] org.apache.catalina.startup.HostConfig.deployDirectory Deployment of web application directory [C:\Program Files\apache-tomcat-9.0.98\webapps\docs] has finished in [51] ms
20-Mar-2025 19:38:09.683 INFO [main] org.apache.catalina.startup.HostConfig.deployDirectory Desplegando el directorio [C:\Program Files\apache-tomcat-9.0.98\webapps\examples] de la aplicación web
20-Mar-2025 19:38:10.330 INFO [main] org.apache.catalina.startup.HostConfig.deployDirectory Deployment of web application directory [C:\Program Files\apache-tomcat-9.0.98\webapps\examples] has finished in [647] ms
20-Mar-2025 19:38:10.331 INFO [main] org.apache.catalina.startup.HostConfig.deployDirectory Desplegando el directorio [C:\Program Files\apache-tomcat-9.0.98\webapps\host-manager] de la aplicación web
20-Mar-2025 19:38:10.382 INFO [main] org.apache.catalina.startup.HostConfig.deployDirectory Deployment of web application directory [C:\Program Files\apache-tomcat-9.0.98\webapps\host-manager] has finished in [51] ms
20-Mar-2025 19:38:10.383 INFO [main] org.apache.catalina.startup.HostConfig.deployDirectory Desplegando el directorio [C:\Program Files\apache-tomcat-9.0.98\webapps\manager] de la aplicación web
20-Mar-2025 19:38:10.434 INFO [main] org.apache.catalina.startup.HostConfig.deployDirectory Deployment of web application directory [C:\Program Files\apache-tomcat-9.0.98\webapps\manager] has finished in [51] ms
20-Mar-2025 19:38:10.434 INFO [main] org.apache.catalina.startup.HostConfig.deployDirectory Desplegando el directorio [C:\Program Files\apache-tomcat-9.0.98\webapps\ROOT] de la aplicación web
20-Mar-2025 19:38:10.470 INFO [main] org.apache.catalina.startup.HostConfig.deployDirectory Deployment of web application directory [C:\Program Files\apache-tomcat-9.0.98\webapps\ROOT] has finished in [36] ms
20-Mar-2025 19:38:10.476 INFO [main] org.apache.coyote.AbstractProtocol.start Starting ProtocolHandler ["http-nio-8080"]
20-Mar-2025 19:38:10.514 INFO [main] org.apache.catalina.startup.Catalina.start Server startup in [1524] milliseconds
20-Mar-2025 19:40:58.038 INFO [main] org.apache.catalina.startup.VersionLoggerListener.log Nombre de la versión del servidor: Apache Tomcat/9.0.98
20-Mar-2025 19:40:58.043 INFO [main] org.apache.catalina.startup.VersionLoggerListener.log Server built:                      Dec 5 2024 19:50:29 UTC
20-Mar-2025 19:40:58.043 INFO [main] org.apache.catalina.startup.VersionLoggerListener.log Número de versión de servidor:     9.0.98.0
20-Mar-2025 19:40:58.043 INFO [main] org.apache.catalina.startup.VersionLoggerListener.log OS Name:                           Windows 11
20-Mar-2025 19:40:58.044 INFO [main] org.apache.catalina.startup.VersionLoggerListener.log Versión de Systema Operativo:      10.0
20-Mar-2025 19:40:58.044 INFO [main] org.apache.catalina.startup.VersionLoggerListener.log Arquitectura:                      amd64
20-Mar-2025 19:40:58.044 INFO [main] org.apache.catalina.startup.VersionLoggerListener.log Java Home:                         C:\Program Files\Java\jdk-21
20-Mar-2025 19:40:58.044 INFO [main] org.apache.catalina.startup.VersionLoggerListener.log JVM Version:                       21.0.5+9-LTS-239
20-Mar-2025 19:40:58.044 INFO [main] org.apache.catalina.startup.VersionLoggerListener.log Vededor JVM:                       Oracle Corporation
20-Mar-2025 19:40:58.045 INFO [main] org.apache.catalina.startup.VersionLoggerListener.log CATALINA_BASE:                     C:\Program Files\apache-tomcat-9.0.98
20-Mar-2025 19:40:58.045 INFO [main] org.apache.catalina.startup.VersionLoggerListener.log CATALINA_HOME:                     C:\Program Files\apache-tomcat-9.0.98
20-Mar-2025 19:40:58.057 INFO [main] org.apache.catalina.startup.VersionLoggerListener.log Command line argument:             --add-opens=java.base/java.lang=ALL-UNNAMED
20-Mar-2025 19:40:58.059 INFO [main] org.apache.catalina.startup.VersionLoggerListener.log Command line argument:             --add-opens=java.base/java.io=ALL-UNNAMED
20-Mar-2025 19:40:58.059 INFO [main] org.apache.catalina.startup.VersionLoggerListener.log Command line argument:             --add-opens=java.base/java.util=ALL-UNNAMED
20-Mar-2025 19:40:58.059 INFO [main] org.apache.catalina.startup.VersionLoggerListener.log Command line argument:             --add-opens=java.base/java.util.concurrent=ALL-UNNAMED
20-Mar-2025 19:40:58.059 INFO [main] org.apache.catalina.startup.VersionLoggerListener.log Command line argument:             --add-opens=java.rmi/sun.rmi.transport=ALL-UNNAMED
20-Mar-2025 19:40:58.059 INFO [main] org.apache.catalina.startup.VersionLoggerListener.log Command line argument:             -Djava.util.logging.config.file=C:\Program Files\apache-tomcat-9.0.98\conf\logging.properties
20-Mar-2025 19:40:58.060 INFO [main] org.apache.catalina.startup.VersionLoggerListener.log Command line argument:             -Djava.util.logging.manager=org.apache.juli.ClassLoaderLogManager
20-Mar-2025 19:40:58.060 INFO [main] org.apache.catalina.startup.VersionLoggerListener.log Command line argument:             -Djdk.tls.ephemeralDHKeySize=2048
20-Mar-2025 19:40:58.060 INFO [main] org.apache.catalina.startup.VersionLoggerListener.log Command line argument:             -Djava.protocol.handler.pkgs=org.apache.catalina.webresources
20-Mar-2025 19:40:58.061 INFO [main] org.apache.catalina.startup.VersionLoggerListener.log Command line argument:             -Dignore.endorsed.dirs=
20-Mar-2025 19:40:58.061 INFO [main] org.apache.catalina.startup.VersionLoggerListener.log Command line argument:             -Dcatalina.base=C:\Program Files\apache-tomcat-9.0.98
20-Mar-2025 19:40:58.061 INFO [main] org.apache.catalina.startup.VersionLoggerListener.log Command line argument:             -Dcatalina.home=C:\Program Files\apache-tomcat-9.0.98
20-Mar-2025 19:40:58.061 INFO [main] org.apache.catalina.startup.VersionLoggerListener.log Command line argument:             -Djava.io.tmpdir=C:\Program Files\apache-tomcat-9.0.98\temp
20-Mar-2025 19:40:58.066 INFO [main] org.apache.catalina.core.AprLifecycleListener.lifecycleEvent Cargada la biblioteca nativa APR de Apache Tomcat [1.3.1] con la versión APR [1.7.4].
20-Mar-2025 19:40:58.067 INFO [main] org.apache.catalina.core.AprLifecycleListener.lifecycleEvent Capacidades APR: IPv6 [true], enviar fichero [true], aceptar filtros [false], aleatorio [true], UDS [true].
20-Mar-2025 19:40:58.067 INFO [main] org.apache.catalina.core.AprLifecycleListener.lifecycleEvent APR/OpenSSL configuration: useAprConnector [false], useOpenSSL [true]
20-Mar-2025 19:40:58.076 INFO [main] org.apache.catalina.core.AprLifecycleListener.initializeSSL OpenSSL inicializado correctamente [OpenSSL 3.0.14 4 Jun 2024]
20-Mar-2025 19:40:58.528 INFO [main] org.apache.coyote.AbstractProtocol.init Inicializando el manejador de protocolo ["http-nio-8080"]

20-Mar-2025 19:40:58.566 INFO [main] org.apache.catalina.startup.Catalina.load Server initialization in [804] milliseconds
20-Mar-2025 19:40:58.663 INFO [main] org.apache.catalina.core.StandardService.startInternal Arrancando servicio [Catalina]
20-Mar-2025 19:40:58.664 INFO [main] org.apache.catalina.core.StandardEngine.startInternal Starting Servlet engine: [Apache Tomcat/9.0.98]
20-Mar-2025 19:40:58.696 INFO [main] org.apache.catalina.startup.HostConfig.deployWAR Despliegue del archivo [C:\Program Files\apache-tomcat-9.0.98\webapps\afirma-signature-retriever.war] de la aplicación web
20-Mar-2025 19:40:59.233 INFO [main] org.apache.catalina.startup.HostConfig.deployWAR Deployment of web application archive [C:\Program Files\apache-tomcat-9.0.98\webapps\afirma-signature-retriever.war] has finished in [532] ms
20-Mar-2025 19:40:59.236 INFO [main] org.apache.catalina.startup.HostConfig.deployWAR Despliegue del archivo [C:\Program Files\apache-tomcat-9.0.98\webapps\afirma-signature-storage.war] de la aplicación web
20-Mar-2025 19:40:59.307 INFO [main] org.apache.catalina.startup.HostConfig.deployWAR Deployment of web application archive [C:\Program Files\apache-tomcat-9.0.98\webapps\afirma-signature-storage.war] has finished in [71] ms
20-Mar-2025 19:40:59.308 INFO [main] org.apache.catalina.startup.HostConfig.deployDirectory Desplegando el directorio [C:\Program Files\apache-tomcat-9.0.98\webapps\docs] de la aplicación web
20-Mar-2025 19:40:59.353 INFO [main] org.apache.catalina.startup.HostConfig.deployDirectory Deployment of web application directory [C:\Program Files\apache-tomcat-9.0.98\webapps\docs] has finished in [45] ms
20-Mar-2025 19:40:59.355 INFO [main] org.apache.catalina.startup.HostConfig.deployDirectory Desplegando el directorio [C:\Program Files\apache-tomcat-9.0.98\webapps\examples] de la aplicación web
20-Mar-2025 19:40:59.901 INFO [main] org.apache.catalina.startup.HostConfig.deployDirectory Deployment of web application directory [C:\Program Files\apache-tomcat-9.0.98\webapps\examples] has finished in [546] ms
20-Mar-2025 19:40:59.902 INFO [main] org.apache.catalina.startup.HostConfig.deployDirectory Desplegando el directorio [C:\Program Files\apache-tomcat-9.0.98\webapps\host-manager] de la aplicación web
20-Mar-2025 19:40:59.954 INFO [main] org.apache.catalina.startup.HostConfig.deployDirectory Deployment of web application directory [C:\Program Files\apache-tomcat-9.0.98\webapps\host-manager] has finished in [52] ms
20-Mar-2025 19:40:59.956 INFO [main] org.apache.catalina.startup.HostConfig.deployDirectory Desplegando el directorio [C:\Program Files\apache-tomcat-9.0.98\webapps\manager] de la aplicación web
20-Mar-2025 19:41:00.006 INFO [main] org.apache.catalina.startup.HostConfig.deployDirectory Deployment of web application directory [C:\Program Files\apache-tomcat-9.0.98\webapps\manager] has finished in [52] ms
20-Mar-2025 19:41:00.007 INFO [main] org.apache.catalina.startup.HostConfig.deployDirectory Desplegando el directorio [C:\Program Files\apache-tomcat-9.0.98\webapps\ROOT] de la aplicación web
20-Mar-2025 19:41:00.042 INFO [main] org.apache.catalina.startup.HostConfig.deployDirectory Deployment of web application directory [C:\Program Files\apache-tomcat-9.0.98\webapps\ROOT] has finished in [35] ms
20-Mar-2025 19:41:00.050 INFO [main] org.apache.coyote.AbstractProtocol.start Starting ProtocolHandler ["http-nio-8080"]
20-Mar-2025 19:41:00.090 INFO [main] org.apache.catalina.startup.Catalina.start Server startup in [1521] milliseconds
20-Mar-2025 20:06:13.544 INFO [main] org.apache.catalina.startup.VersionLoggerListener.log Nombre de la versión del servidor: Apache Tomcat/9.0.98
20-Mar-2025 20:06:13.548 INFO [main] org.apache.catalina.startup.VersionLoggerListener.log Server built:                      Dec 5 2024 19:50:29 UTC
20-Mar-2025 20:06:13.548 INFO [main] org.apache.catalina.startup.VersionLoggerListener.log Número de versión de servidor:     9.0.98.0
20-Mar-2025 20:06:13.548 INFO [main] org.apache.catalina.startup.VersionLoggerListener.log OS Name:                           Windows 11
20-Mar-2025 20:06:13.549 INFO [main] org.apache.catalina.startup.VersionLoggerListener.log Versión de Systema Operativo:      10.0
20-Mar-2025 20:06:13.549 INFO [main] org.apache.catalina.startup.VersionLoggerListener.log Arquitectura:                      amd64
20-Mar-2025 20:06:13.549 INFO [main] org.apache.catalina.startup.VersionLoggerListener.log Java Home:                         C:\Program Files\Java\jdk-21
20-Mar-2025 20:06:13.549 INFO [main] org.apache.catalina.startup.VersionLoggerListener.log JVM Version:                       21.0.5+9-LTS-239
20-Mar-2025 20:06:13.550 INFO [main] org.apache.catalina.startup.VersionLoggerListener.log Vededor JVM:                       Oracle Corporation
20-Mar-2025 20:06:13.550 INFO [main] org.apache.catalina.startup.VersionLoggerListener.log CATALINA_BASE:                     C:\Program Files\apache-tomcat-9.0.98
20-Mar-2025 20:06:13.550 INFO [main] org.apache.catalina.startup.VersionLoggerListener.log CATALINA_HOME:                     C:\Program Files\apache-tomcat-9.0.98
20-Mar-2025 20:06:13.561 INFO [main] org.apache.catalina.startup.VersionLoggerListener.log Command line argument:             --add-opens=java.base/java.lang=ALL-UNNAMED
20-Mar-2025 20:06:13.562 INFO [main] org.apache.catalina.startup.VersionLoggerListener.log Command line argument:             --add-opens=java.base/java.io=ALL-UNNAMED
20-Mar-2025 20:06:13.562 INFO [main] org.apache.catalina.startup.VersionLoggerListener.log Command line argument:             --add-opens=java.base/java.util=ALL-UNNAMED
20-Mar-2025 20:06:13.562 INFO [main] org.apache.catalina.startup.VersionLoggerListener.log Command line argument:             --add-opens=java.base/java.util.concurrent=ALL-UNNAMED
20-Mar-2025 20:06:13.562 INFO [main] org.apache.catalina.startup.VersionLoggerListener.log Command line argument:             --add-opens=java.rmi/sun.rmi.transport=ALL-UNNAMED
20-Mar-2025 20:06:13.564 INFO [main] org.apache.catalina.startup.VersionLoggerListener.log Command line argument:             -Djava.util.logging.config.file=C:\Program Files\apache-tomcat-9.0.98\conf\logging.properties
20-Mar-2025 20:06:13.564 INFO [main] org.apache.catalina.startup.VersionLoggerListener.log Command line argument:             -Djava.util.logging.manager=org.apache.juli.ClassLoaderLogManager
20-Mar-2025 20:06:13.564 INFO [main] org.apache.catalina.startup.VersionLoggerListener.log Command line argument:             -Djdk.tls.ephemeralDHKeySize=2048
20-Mar-2025 20:06:13.564 INFO [main] org.apache.catalina.startup.VersionLoggerListener.log Command line argument:             -Djava.protocol.handler.pkgs=org.apache.catalina.webresources
20-Mar-2025 20:06:13.564 INFO [main] org.apache.catalina.startup.VersionLoggerListener.log Command line argument:             -Dignore.endorsed.dirs=
20-Mar-2025 20:06:13.565 INFO [main] org.apache.catalina.startup.VersionLoggerListener.log Command line argument:             -Dcatalina.base=C:\Program Files\apache-tomcat-9.0.98
20-Mar-2025 20:06:13.565 INFO [main] org.apache.catalina.startup.VersionLoggerListener.log Command line argument:             -Dcatalina.home=C:\Program Files\apache-tomcat-9.0.98
20-Mar-2025 20:06:13.565 INFO [main] org.apache.catalina.startup.VersionLoggerListener.log Command line argument:             -Djava.io.tmpdir=C:\Program Files\apache-tomcat-9.0.98\temp
20-Mar-2025 20:06:13.570 INFO [main] org.apache.catalina.core.AprLifecycleListener.lifecycleEvent Cargada la biblioteca nativa APR de Apache Tomcat [1.3.1] con la versión APR [1.7.4].
20-Mar-2025 20:06:13.571 INFO [main] org.apache.catalina.core.AprLifecycleListener.lifecycleEvent Capacidades APR: IPv6 [true], enviar fichero [true], aceptar filtros [false], aleatorio [true], UDS [true].
20-Mar-2025 20:06:13.571 INFO [main] org.apache.catalina.core.AprLifecycleListener.lifecycleEvent APR/OpenSSL configuration: useAprConnector [false], useOpenSSL [true]
20-Mar-2025 20:06:13.579 INFO [main] org.apache.catalina.core.AprLifecycleListener.initializeSSL OpenSSL inicializado correctamente [OpenSSL 3.0.14 4 Jun 2024]
20-Mar-2025 20:06:14.017 INFO [main] org.apache.coyote.AbstractProtocol.init Inicializando el manejador de protocolo ["http-nio-8080"]

20-Mar-2025 20:06:14.053 INFO [main] org.apache.catalina.startup.Catalina.load Server initialization in [834] milliseconds
20-Mar-2025 20:06:14.122 INFO [main] org.apache.catalina.core.StandardService.startInternal Arrancando servicio [Catalina]
20-Mar-2025 20:06:14.123 INFO [main] org.apache.catalina.core.StandardEngine.startInternal Starting Servlet engine: [Apache Tomcat/9.0.98]
20-Mar-2025 20:06:14.149 INFO [main] org.apache.catalina.startup.HostConfig.deployWAR Despliegue del archivo [C:\Program Files\apache-tomcat-9.0.98\webapps\afirma-signature-retriever.war] de la aplicación web
20-Mar-2025 20:06:14.175 INFO [main] org.apache.catalina.startup.ExpandWar.expand An expanded directory [C:\Program Files\apache-tomcat-9.0.98\webapps\afirma-signature-retriever] was found with a last modified time that did not match the associated WAR. It will be deleted.
20-Mar-2025 20:06:14.658 INFO [main] org.apache.catalina.startup.HostConfig.deployWAR Deployment of web application archive [C:\Program Files\apache-tomcat-9.0.98\webapps\afirma-signature-retriever.war] has finished in [507] ms
20-Mar-2025 20:06:14.660 INFO [main] org.apache.catalina.startup.HostConfig.deployWAR Despliegue del archivo [C:\Program Files\apache-tomcat-9.0.98\webapps\afirma-signature-storage.war] de la aplicación web
20-Mar-2025 20:06:14.665 INFO [main] org.apache.catalina.startup.ExpandWar.expand An expanded directory [C:\Program Files\apache-tomcat-9.0.98\webapps\afirma-signature-storage] was found with a last modified time that did not match the associated WAR. It will be deleted.
20-Mar-2025 20:06:14.758 INFO [main] org.apache.catalina.startup.HostConfig.deployWAR Deployment of web application archive [C:\Program Files\apache-tomcat-9.0.98\webapps\afirma-signature-storage.war] has finished in [98] ms
20-Mar-2025 20:06:14.759 INFO [main] org.apache.catalina.startup.HostConfig.deployDirectory Desplegando el directorio [C:\Program Files\apache-tomcat-9.0.98\webapps\docs] de la aplicación web
20-Mar-2025 20:06:14.809 INFO [main] org.apache.catalina.startup.HostConfig.deployDirectory Deployment of web application directory [C:\Program Files\apache-tomcat-9.0.98\webapps\docs] has finished in [50] ms
20-Mar-2025 20:06:14.811 INFO [main] org.apache.catalina.startup.HostConfig.deployDirectory Desplegando el directorio [C:\Program Files\apache-tomcat-9.0.98\webapps\examples] de la aplicación web
20-Mar-2025 20:06:15.434 INFO [main] org.apache.catalina.startup.HostConfig.deployDirectory Deployment of web application directory [C:\Program Files\apache-tomcat-9.0.98\webapps\examples] has finished in [623] ms
20-Mar-2025 20:06:15.435 INFO [main] org.apache.catalina.startup.HostConfig.deployDirectory Desplegando el directorio [C:\Program Files\apache-tomcat-9.0.98\webapps\host-manager] de la aplicación web
20-Mar-2025 20:06:15.491 INFO [main] org.apache.catalina.startup.HostConfig.deployDirectory Deployment of web application directory [C:\Program Files\apache-tomcat-9.0.98\webapps\host-manager] has finished in [55] ms
20-Mar-2025 20:06:15.491 INFO [main] org.apache.catalina.startup.HostConfig.deployDirectory Desplegando el directorio [C:\Program Files\apache-tomcat-9.0.98\webapps\manager] de la aplicación web
20-Mar-2025 20:06:15.565 INFO [main] org.apache.catalina.startup.HostConfig.deployDirectory Deployment of web application directory [C:\Program Files\apache-tomcat-9.0.98\webapps\manager] has finished in [74] ms
20-Mar-2025 20:06:15.566 INFO [main] org.apache.catalina.startup.HostConfig.deployDirectory Desplegando el directorio [C:\Program Files\apache-tomcat-9.0.98\webapps\ROOT] de la aplicación web
20-Mar-2025 20:06:15.624 INFO [main] org.apache.catalina.startup.HostConfig.deployDirectory Deployment of web application directory [C:\Program Files\apache-tomcat-9.0.98\webapps\ROOT] has finished in [57] ms
20-Mar-2025 20:06:15.633 INFO [main] org.apache.coyote.AbstractProtocol.start Starting ProtocolHandler ["http-nio-8080"]
20-Mar-2025 20:06:15.679 INFO [main] org.apache.catalina.startup.Catalina.start Server startup in [1622] milliseconds
20-Mar-2025 20:06:23.043 INFO [http-nio-8080-exec-1] es.gob.afirma.signfolder.server.proxy.StorageService.service  == INICIO GUARDADO
20-Mar-2025 20:06:23.049 WARNING [http-nio-8080-exec-1] es.gob.afirma.signfolder.server.proxy.StorageService.service No se ha indicado codigo de operacion
20-Mar-2025 20:06:24.930 INFO [http-nio-8080-exec-2] es.gob.afirma.signfolder.server.proxy.StorageService.service  == INICIO GUARDADO
20-Mar-2025 20:06:24.930 WARNING [http-nio-8080-exec-2] es.gob.afirma.signfolder.server.proxy.StorageService.service No se ha indicado codigo de operacion
20-Mar-2025 20:06:25.312 INFO [http-nio-8080-exec-3] es.gob.afirma.signfolder.server.proxy.StorageService.service  == INICIO GUARDADO
20-Mar-2025 20:06:25.313 WARNING [http-nio-8080-exec-3] es.gob.afirma.signfolder.server.proxy.StorageService.service No se ha indicado codigo de operacion
20-Mar-2025 20:08:00.361 INFO [http-nio-8080-exec-4] es.gob.afirma.signfolder.server.proxy.StorageService.service  == INICIO GUARDADO
20-Mar-2025 20:08:00.362 WARNING [http-nio-8080-exec-4] es.gob.afirma.signfolder.server.proxy.StorageService.service No se ha indicado codigo de operacion
20-Mar-2025 20:08:06.571 INFO [http-nio-8080-exec-8] es.gob.afirma.signfolder.server.proxy.StorageService.service  == INICIO GUARDADO
20-Mar-2025 20:08:06.572 WARNING [http-nio-8080-exec-8] es.gob.afirma.signfolder.server.proxy.StorageService.service No se ha indicado codigo de operacion
20-Mar-2025 20:11:32.361 INFO [http-nio-8080-exec-1] org.apache.coyote.http11.Http11Processor.service Error analizando cabecera de requerimiento HTTP
 Note: further occurrences of HTTP request parsing errors will be logged at DEBUG level.
	java.lang.IllegalArgumentException: Se encontró un carácter inválido en el nombre del método. Los nombres de métodos HTTP deben ser tokens
		at org.apache.coyote.http11.Http11InputBuffer.parseRequestLine(Http11InputBuffer.java:407)
		at org.apache.coyote.http11.Http11Processor.service(Http11Processor.java:269)
		at org.apache.coyote.AbstractProcessorLight.process(AbstractProcessorLight.java:63)
		at org.apache.coyote.AbstractProtocol$ConnectionHandler.process(AbstractProtocol.java:937)
		at org.apache.tomcat.util.net.NioEndpoint$SocketProcessor.doRun(NioEndpoint.java:1791)
		at org.apache.tomcat.util.net.SocketProcessorBase.run(SocketProcessorBase.java:52)
		at org.apache.tomcat.util.threads.ThreadPoolExecutor.runWorker(ThreadPoolExecutor.java:1190)
		at org.apache.tomcat.util.threads.ThreadPoolExecutor$Worker.run(ThreadPoolExecutor.java:659)
		at org.apache.tomcat.util.threads.TaskThread$WrappingRunnable.run(TaskThread.java:63)
		at java.base/java.lang.Thread.run(Thread.java:1583)
20-Mar-2025 20:30:19.717 INFO [http-nio-8080-exec-8] org.apache.coyote.http11.Http11Processor.service Error analizando cabecera de requerimiento HTTP
 Note: further occurrences of HTTP request parsing errors will be logged at DEBUG level.
	java.lang.IllegalArgumentException: Se encontró un carácter inválido en el nombre del método. Los nombres de métodos HTTP deben ser tokens
		at org.apache.coyote.http11.Http11InputBuffer.parseRequestLine(Http11InputBuffer.java:407)
		at org.apache.coyote.http11.Http11Processor.service(Http11Processor.java:269)
		at org.apache.coyote.AbstractProcessorLight.process(AbstractProcessorLight.java:63)
		at org.apache.coyote.AbstractProtocol$ConnectionHandler.process(AbstractProtocol.java:937)
		at org.apache.tomcat.util.net.NioEndpoint$SocketProcessor.doRun(NioEndpoint.java:1791)
		at org.apache.tomcat.util.net.SocketProcessorBase.run(SocketProcessorBase.java:52)
		at org.apache.tomcat.util.threads.ThreadPoolExecutor.runWorker(ThreadPoolExecutor.java:1190)
		at org.apache.tomcat.util.threads.ThreadPoolExecutor$Worker.run(ThreadPoolExecutor.java:659)
		at org.apache.tomcat.util.threads.TaskThread$WrappingRunnable.run(TaskThread.java:63)
		at java.base/java.lang.Thread.run(Thread.java:1583)
20-Mar-2025 20:32:10.406 INFO [http-nio-8080-exec-4] es.gob.afirma.signfolder.server.proxy.StorageService.service  == INICIO GUARDADO
20-Mar-2025 20:32:10.406 WARNING [http-nio-8080-exec-4] es.gob.afirma.signfolder.server.proxy.StorageService.service No se ha indicado codigo de operacion
20-Mar-2025 20:32:35.092 INFO [http-nio-8080-exec-5] es.gob.afirma.signfolder.server.proxy.StorageService.service  == INICIO GUARDADO
20-Mar-2025 20:32:35.093 WARNING [http-nio-8080-exec-5] es.gob.afirma.signfolder.server.proxy.StorageService.service No se ha indicado codigo de operacion
20-Mar-2025 20:33:23.344 INFO [http-nio-8080-exec-9] es.gob.afirma.signfolder.server.proxy.StorageService.service  == INICIO GUARDADO
20-Mar-2025 20:33:23.372 INFO [http-nio-8080-exec-9] es.gob.afirma.signfolder.server.proxy.StorageService.storeSign Se solicita guardar un fichero con el identificador: RTyuAZqG3WYVQLJdIKLM
20-Mar-2025 20:33:23.384 INFO [http-nio-8080-exec-9] es.gob.afirma.signfolder.server.proxy.StorageConfig.<clinit> Se carga el fichero de configuracion del classpath
20-Mar-2025 20:33:23.387 INFO [http-nio-8080-exec-9] es.gob.afirma.signfolder.server.proxy.StorageConfig.<clinit> No se ha indicado un direcctorio temporal, se usara el por defecto del sistema
20-Mar-2025 20:33:23.389 INFO [http-nio-8080-exec-9] es.gob.afirma.signfolder.server.proxy.StorageService.storeSign Se guardo correctamente el fichero: C:\Program Files\apache-tomcat-9.0.98\temp\RTyuAZqG3WYVQLJdIKLM
20-Mar-2025 20:33:23.390 INFO [http-nio-8080-exec-9] es.gob.afirma.signfolder.server.proxy.StorageService.service  == FIN GUARDADO
20-Mar-2025 20:33:32.352 INFO [http-nio-8080-exec-3] es.gob.afirma.signfolder.server.proxy.StorageService.service  == INICIO GUARDADO
20-Mar-2025 20:33:32.379 INFO [http-nio-8080-exec-3] es.gob.afirma.signfolder.server.proxy.StorageService.storeSign Se solicita guardar un fichero con el identificador: JxEKUx9zwwooTCoKQ3U9
20-Mar-2025 20:33:32.394 INFO [http-nio-8080-exec-3] es.gob.afirma.signfolder.server.proxy.StorageService.storeSign Se guardo correctamente el fichero: C:\Program Files\apache-tomcat-9.0.98\temp\JxEKUx9zwwooTCoKQ3U9
20-Mar-2025 20:33:32.396 INFO [http-nio-8080-exec-3] es.gob.afirma.signfolder.server.proxy.StorageService.service  == FIN GUARDADO
20-Mar-2025 20:35:05.658 INFO [http-nio-8080-exec-5] es.gob.afirma.signfolder.server.proxy.StorageService.service  == INICIO GUARDADO
20-Mar-2025 20:35:05.747 INFO [http-nio-8080-exec-5] es.gob.afirma.signfolder.server.proxy.StorageService.storeSign Se solicita guardar un fichero con el identificador: cEKBkTfnmLw3ymNJMxLD
20-Mar-2025 20:35:05.750 INFO [http-nio-8080-exec-5] es.gob.afirma.signfolder.server.proxy.StorageService.storeSign Se guardo correctamente el fichero: C:\Program Files\apache-tomcat-9.0.98\temp\cEKBkTfnmLw3ymNJMxLD
20-Mar-2025 20:35:05.751 INFO [http-nio-8080-exec-5] es.gob.afirma.signfolder.server.proxy.StorageService.service  == FIN GUARDADO
20-Mar-2025 21:07:14.354 INFO [http-nio-8080-exec-1] es.gob.afirma.signfolder.server.proxy.StorageService.service  == INICIO GUARDADO
20-Mar-2025 21:07:14.355 WARNING [http-nio-8080-exec-1] es.gob.afirma.signfolder.server.proxy.StorageService.service No se ha indicado codigo de operacion
20-Mar-2025 21:22:32.227 INFO [main] org.apache.catalina.startup.VersionLoggerListener.log Nombre de la versión del servidor: Apache Tomcat/9.0.98
20-Mar-2025 21:22:32.236 INFO [main] org.apache.catalina.startup.VersionLoggerListener.log Server built:                      Dec 5 2024 19:50:29 UTC
20-Mar-2025 21:22:32.236 INFO [main] org.apache.catalina.startup.VersionLoggerListener.log Número de versión de servidor:     9.0.98.0
20-Mar-2025 21:22:32.236 INFO [main] org.apache.catalina.startup.VersionLoggerListener.log OS Name:                           Windows 11
20-Mar-2025 21:22:32.236 INFO [main] org.apache.catalina.startup.VersionLoggerListener.log Versión de Systema Operativo:      10.0
20-Mar-2025 21:22:32.236 INFO [main] org.apache.catalina.startup.VersionLoggerListener.log Arquitectura:                      amd64
20-Mar-2025 21:22:32.236 INFO [main] org.apache.catalina.startup.VersionLoggerListener.log Java Home:                         C:\Program Files\Java\jdk-21
20-Mar-2025 21:22:32.236 INFO [main] org.apache.catalina.startup.VersionLoggerListener.log JVM Version:                       21.0.5+9-LTS-239
20-Mar-2025 21:22:32.236 INFO [main] org.apache.catalina.startup.VersionLoggerListener.log Vededor JVM:                       Oracle Corporation
20-Mar-2025 21:22:32.236 INFO [main] org.apache.catalina.startup.VersionLoggerListener.log CATALINA_BASE:                     C:\Program Files\apache-tomcat-9.0.98
20-Mar-2025 21:22:32.236 INFO [main] org.apache.catalina.startup.VersionLoggerListener.log CATALINA_HOME:                     C:\Program Files\apache-tomcat-9.0.98
20-Mar-2025 21:22:32.251 INFO [main] org.apache.catalina.startup.VersionLoggerListener.log Command line argument:             --add-opens=java.base/java.lang=ALL-UNNAMED
20-Mar-2025 21:22:32.251 INFO [main] org.apache.catalina.startup.VersionLoggerListener.log Command line argument:             --add-opens=java.base/java.io=ALL-UNNAMED
20-Mar-2025 21:22:32.251 INFO [main] org.apache.catalina.startup.VersionLoggerListener.log Command line argument:             --add-opens=java.base/java.util=ALL-UNNAMED
20-Mar-2025 21:22:32.251 INFO [main] org.apache.catalina.startup.VersionLoggerListener.log Command line argument:             --add-opens=java.base/java.util.concurrent=ALL-UNNAMED
20-Mar-2025 21:22:32.251 INFO [main] org.apache.catalina.startup.VersionLoggerListener.log Command line argument:             --add-opens=java.rmi/sun.rmi.transport=ALL-UNNAMED
20-Mar-2025 21:22:32.251 INFO [main] org.apache.catalina.startup.VersionLoggerListener.log Command line argument:             -Djava.util.logging.config.file=C:\Program Files\apache-tomcat-9.0.98\conf\logging.properties
20-Mar-2025 21:22:32.251 INFO [main] org.apache.catalina.startup.VersionLoggerListener.log Command line argument:             -Djava.util.logging.manager=org.apache.juli.ClassLoaderLogManager
20-Mar-2025 21:22:32.251 INFO [main] org.apache.catalina.startup.VersionLoggerListener.log Command line argument:             -Djdk.tls.ephemeralDHKeySize=2048
20-Mar-2025 21:22:32.251 INFO [main] org.apache.catalina.startup.VersionLoggerListener.log Command line argument:             -Djava.protocol.handler.pkgs=org.apache.catalina.webresources
20-Mar-2025 21:22:32.251 INFO [main] org.apache.catalina.startup.VersionLoggerListener.log Command line argument:             -Dignore.endorsed.dirs=
20-Mar-2025 21:22:32.251 INFO [main] org.apache.catalina.startup.VersionLoggerListener.log Command line argument:             -Dcatalina.base=C:\Program Files\apache-tomcat-9.0.98
20-Mar-2025 21:22:32.251 INFO [main] org.apache.catalina.startup.VersionLoggerListener.log Command line argument:             -Dcatalina.home=C:\Program Files\apache-tomcat-9.0.98
20-Mar-2025 21:22:32.251 INFO [main] org.apache.catalina.startup.VersionLoggerListener.log Command line argument:             -Djava.io.tmpdir=C:\Program Files\apache-tomcat-9.0.98\temp
20-Mar-2025 21:22:32.260 INFO [main] org.apache.catalina.core.AprLifecycleListener.lifecycleEvent Cargada la biblioteca nativa APR de Apache Tomcat [1.3.1] con la versión APR [1.7.4].
20-Mar-2025 21:22:32.260 INFO [main] org.apache.catalina.core.AprLifecycleListener.lifecycleEvent Capacidades APR: IPv6 [true], enviar fichero [true], aceptar filtros [false], aleatorio [true], UDS [true].
20-Mar-2025 21:22:32.260 INFO [main] org.apache.catalina.core.AprLifecycleListener.lifecycleEvent APR/OpenSSL configuration: useAprConnector [false], useOpenSSL [true]
20-Mar-2025 21:22:32.268 INFO [main] org.apache.catalina.core.AprLifecycleListener.initializeSSL OpenSSL inicializado correctamente [OpenSSL 3.0.14 4 Jun 2024]
20-Mar-2025 21:22:32.701 INFO [main] org.apache.coyote.AbstractProtocol.init Inicializando el manejador de protocolo ["http-nio-8080"]

20-Mar-2025 21:22:32.763 INFO [main] org.apache.catalina.startup.Catalina.load Server initialization in [841] milliseconds
20-Mar-2025 21:22:32.934 INFO [main] org.apache.catalina.core.StandardService.startInternal Arrancando servicio [Catalina]
20-Mar-2025 21:22:32.934 INFO [main] org.apache.catalina.core.StandardEngine.startInternal Starting Servlet engine: [Apache Tomcat/9.0.98]
20-Mar-2025 21:22:32.975 INFO [main] org.apache.catalina.startup.HostConfig.deployWAR Despliegue del archivo [C:\Program Files\apache-tomcat-9.0.98\webapps\vital-sanity#afirma-signature-retriever.war] de la aplicación web
20-Mar-2025 21:22:33.553 INFO [main] org.apache.catalina.startup.HostConfig.deployWAR Deployment of web application archive [C:\Program Files\apache-tomcat-9.0.98\webapps\vital-sanity#afirma-signature-retriever.war] has finished in [578] ms
20-Mar-2025 21:22:33.562 INFO [main] org.apache.catalina.startup.HostConfig.deployWAR Despliegue del archivo [C:\Program Files\apache-tomcat-9.0.98\webapps\vital-sanity#afirma-signature-storage.war] de la aplicación web
20-Mar-2025 21:22:33.700 INFO [main] org.apache.catalina.startup.HostConfig.deployWAR Deployment of web application archive [C:\Program Files\apache-tomcat-9.0.98\webapps\vital-sanity#afirma-signature-storage.war] has finished in [138] ms
20-Mar-2025 21:22:33.700 INFO [main] org.apache.catalina.startup.HostConfig.deployDirectory Desplegando el directorio [C:\Program Files\apache-tomcat-9.0.98\webapps\afirma-signature-retriever] de la aplicación web
20-Mar-2025 21:22:33.812 INFO [main] org.apache.catalina.startup.HostConfig.deployDirectory Deployment of web application directory [C:\Program Files\apache-tomcat-9.0.98\webapps\afirma-signature-retriever] has finished in [111] ms
20-Mar-2025 21:22:33.813 INFO [main] org.apache.catalina.startup.HostConfig.deployDirectory Desplegando el directorio [C:\Program Files\apache-tomcat-9.0.98\webapps\afirma-signature-storage] de la aplicación web
20-Mar-2025 21:22:33.890 INFO [main] org.apache.catalina.startup.HostConfig.deployDirectory Deployment of web application directory [C:\Program Files\apache-tomcat-9.0.98\webapps\afirma-signature-storage] has finished in [78] ms
20-Mar-2025 21:22:33.892 INFO [main] org.apache.catalina.startup.HostConfig.deployDirectory Desplegando el directorio [C:\Program Files\apache-tomcat-9.0.98\webapps\docs] de la aplicación web
20-Mar-2025 21:22:33.931 INFO [main] org.apache.catalina.startup.HostConfig.deployDirectory Deployment of web application directory [C:\Program Files\apache-tomcat-9.0.98\webapps\docs] has finished in [39] ms
20-Mar-2025 21:22:33.931 INFO [main] org.apache.catalina.startup.HostConfig.deployDirectory Desplegando el directorio [C:\Program Files\apache-tomcat-9.0.98\webapps\examples] de la aplicación web
20-Mar-2025 21:22:34.517 INFO [main] org.apache.catalina.startup.HostConfig.deployDirectory Deployment of web application directory [C:\Program Files\apache-tomcat-9.0.98\webapps\examples] has finished in [586] ms
20-Mar-2025 21:22:34.517 INFO [main] org.apache.catalina.startup.HostConfig.deployDirectory Desplegando el directorio [C:\Program Files\apache-tomcat-9.0.98\webapps\host-manager] de la aplicación web
20-Mar-2025 21:22:34.583 INFO [main] org.apache.catalina.startup.HostConfig.deployDirectory Deployment of web application directory [C:\Program Files\apache-tomcat-9.0.98\webapps\host-manager] has finished in [66] ms
20-Mar-2025 21:22:34.583 INFO [main] org.apache.catalina.startup.HostConfig.deployDirectory Desplegando el directorio [C:\Program Files\apache-tomcat-9.0.98\webapps\manager] de la aplicación web
20-Mar-2025 21:22:34.633 INFO [main] org.apache.catalina.startup.HostConfig.deployDirectory Deployment of web application directory [C:\Program Files\apache-tomcat-9.0.98\webapps\manager] has finished in [50] ms
20-Mar-2025 21:22:34.633 INFO [main] org.apache.catalina.startup.HostConfig.deployDirectory Desplegando el directorio [C:\Program Files\apache-tomcat-9.0.98\webapps\ROOT] de la aplicación web
20-Mar-2025 21:22:34.664 INFO [main] org.apache.catalina.startup.HostConfig.deployDirectory Deployment of web application directory [C:\Program Files\apache-tomcat-9.0.98\webapps\ROOT] has finished in [31] ms
20-Mar-2025 21:22:34.664 INFO [main] org.apache.coyote.AbstractProtocol.start Starting ProtocolHandler ["http-nio-8080"]
20-Mar-2025 21:22:34.729 INFO [main] org.apache.catalina.startup.Catalina.start Server startup in [1967] milliseconds
20-Mar-2025 21:26:00.205 INFO [http-nio-8080-exec-10] es.gob.afirma.signfolder.server.proxy.StorageService.service  == INICIO GUARDADO
20-Mar-2025 21:26:00.210 WARNING [http-nio-8080-exec-10] es.gob.afirma.signfolder.server.proxy.StorageService.service No se ha indicado codigo de operacion
20-Mar-2025 21:28:10.349 INFO [http-nio-8080-exec-5] es.gob.afirma.signfolder.server.proxy.StorageService.service  == INICIO GUARDADO
20-Mar-2025 21:28:10.351 WARNING [http-nio-8080-exec-5] es.gob.afirma.signfolder.server.proxy.StorageService.service No se ha indicado codigo de operacion
20-Mar-2025 21:42:16.673 INFO [main] org.apache.catalina.startup.VersionLoggerListener.log Nombre de la versión del servidor: Apache Tomcat/9.0.98
20-Mar-2025 21:42:16.680 INFO [main] org.apache.catalina.startup.VersionLoggerListener.log Server built:                      Dec 5 2024 19:50:29 UTC
20-Mar-2025 21:42:16.680 INFO [main] org.apache.catalina.startup.VersionLoggerListener.log Número de versión de servidor:     9.0.98.0
20-Mar-2025 21:42:16.680 INFO [main] org.apache.catalina.startup.VersionLoggerListener.log OS Name:                           Windows 11
20-Mar-2025 21:42:16.680 INFO [main] org.apache.catalina.startup.VersionLoggerListener.log Versión de Systema Operativo:      10.0
20-Mar-2025 21:42:16.680 INFO [main] org.apache.catalina.startup.VersionLoggerListener.log Arquitectura:                      amd64
20-Mar-2025 21:42:16.680 INFO [main] org.apache.catalina.startup.VersionLoggerListener.log Java Home:                         C:\Program Files\Java\jdk-21
20-Mar-2025 21:42:16.680 INFO [main] org.apache.catalina.startup.VersionLoggerListener.log JVM Version:                       21.0.5+9-LTS-239
20-Mar-2025 21:42:16.680 INFO [main] org.apache.catalina.startup.VersionLoggerListener.log Vededor JVM:                       Oracle Corporation
20-Mar-2025 21:42:16.680 INFO [main] org.apache.catalina.startup.VersionLoggerListener.log CATALINA_BASE:                     C:\Program Files\apache-tomcat-9.0.98
20-Mar-2025 21:42:16.680 INFO [main] org.apache.catalina.startup.VersionLoggerListener.log CATALINA_HOME:                     C:\Program Files\apache-tomcat-9.0.98
20-Mar-2025 21:42:16.696 INFO [main] org.apache.catalina.startup.VersionLoggerListener.log Command line argument:             --add-opens=java.base/java.lang=ALL-UNNAMED
20-Mar-2025 21:42:16.696 INFO [main] org.apache.catalina.startup.VersionLoggerListener.log Command line argument:             --add-opens=java.base/java.io=ALL-UNNAMED
20-Mar-2025 21:42:16.696 INFO [main] org.apache.catalina.startup.VersionLoggerListener.log Command line argument:             --add-opens=java.base/java.util=ALL-UNNAMED
20-Mar-2025 21:42:16.696 INFO [main] org.apache.catalina.startup.VersionLoggerListener.log Command line argument:             --add-opens=java.base/java.util.concurrent=ALL-UNNAMED
20-Mar-2025 21:42:16.696 INFO [main] org.apache.catalina.startup.VersionLoggerListener.log Command line argument:             --add-opens=java.rmi/sun.rmi.transport=ALL-UNNAMED
20-Mar-2025 21:42:16.696 INFO [main] org.apache.catalina.startup.VersionLoggerListener.log Command line argument:             -Djava.util.logging.config.file=C:\Program Files\apache-tomcat-9.0.98\conf\logging.properties
20-Mar-2025 21:42:16.696 INFO [main] org.apache.catalina.startup.VersionLoggerListener.log Command line argument:             -Djava.util.logging.manager=org.apache.juli.ClassLoaderLogManager
20-Mar-2025 21:42:16.696 INFO [main] org.apache.catalina.startup.VersionLoggerListener.log Command line argument:             -Djdk.tls.ephemeralDHKeySize=2048
20-Mar-2025 21:42:16.696 INFO [main] org.apache.catalina.startup.VersionLoggerListener.log Command line argument:             -Djava.protocol.handler.pkgs=org.apache.catalina.webresources
20-Mar-2025 21:42:16.696 INFO [main] org.apache.catalina.startup.VersionLoggerListener.log Command line argument:             -Dignore.endorsed.dirs=
20-Mar-2025 21:42:16.696 INFO [main] org.apache.catalina.startup.VersionLoggerListener.log Command line argument:             -Dcatalina.base=C:\Program Files\apache-tomcat-9.0.98
20-Mar-2025 21:42:16.696 INFO [main] org.apache.catalina.startup.VersionLoggerListener.log Command line argument:             -Dcatalina.home=C:\Program Files\apache-tomcat-9.0.98
20-Mar-2025 21:42:16.696 INFO [main] org.apache.catalina.startup.VersionLoggerListener.log Command line argument:             -Djava.io.tmpdir=C:\Program Files\apache-tomcat-9.0.98\temp
20-Mar-2025 21:42:16.705 INFO [main] org.apache.catalina.core.AprLifecycleListener.lifecycleEvent Cargada la biblioteca nativa APR de Apache Tomcat [1.3.1] con la versión APR [1.7.4].
20-Mar-2025 21:42:16.705 INFO [main] org.apache.catalina.core.AprLifecycleListener.lifecycleEvent Capacidades APR: IPv6 [true], enviar fichero [true], aceptar filtros [false], aleatorio [true], UDS [true].
20-Mar-2025 21:42:16.705 INFO [main] org.apache.catalina.core.AprLifecycleListener.lifecycleEvent APR/OpenSSL configuration: useAprConnector [false], useOpenSSL [true]
20-Mar-2025 21:42:16.713 INFO [main] org.apache.catalina.core.AprLifecycleListener.initializeSSL OpenSSL inicializado correctamente [OpenSSL 3.0.14 4 Jun 2024]
20-Mar-2025 21:42:17.199 INFO [main] org.apache.coyote.AbstractProtocol.init Inicializando el manejador de protocolo ["https-openssl-nio-8166"]

20-Mar-2025 21:42:17.641 INFO [main] org.apache.tomcat.util.net.AbstractEndpoint.logCertificate Connector [https-openssl-nio-8166], TLS virtual host [_default_], certificate type [UNDEFINED] configured from keystore [C:\Users\Cris-SX\Desktop\UA\TFG\CERTIFICADOS\server.keystore] using alias [tomcat] with trust store [null]
20-Mar-2025 21:42:17.656 INFO [main] org.apache.catalina.startup.Catalina.load Server initialization in [1269] milliseconds
20-Mar-2025 21:42:17.779 INFO [main] org.apache.catalina.core.StandardService.startInternal Arrancando servicio [Catalina]
20-Mar-2025 21:42:17.779 INFO [main] org.apache.catalina.core.StandardEngine.startInternal Starting Servlet engine: [Apache Tomcat/9.0.98]
20-Mar-2025 21:42:17.803 INFO [main] org.apache.catalina.startup.HostConfig.deployWAR Despliegue del archivo [C:\Program Files\apache-tomcat-9.0.98\webapps\vital-sanity#afirma-signature-retriever.war] de la aplicación web
20-Mar-2025 21:42:18.282 INFO [main] org.apache.catalina.startup.HostConfig.deployWAR Deployment of web application archive [C:\Program Files\apache-tomcat-9.0.98\webapps\vital-sanity#afirma-signature-retriever.war] has finished in [479] ms
20-Mar-2025 21:42:18.282 INFO [main] org.apache.catalina.startup.HostConfig.deployWAR Despliegue del archivo [C:\Program Files\apache-tomcat-9.0.98\webapps\vital-sanity#afirma-signature-storage.war] de la aplicación web
20-Mar-2025 21:42:18.355 INFO [main] org.apache.catalina.startup.HostConfig.deployWAR Deployment of web application archive [C:\Program Files\apache-tomcat-9.0.98\webapps\vital-sanity#afirma-signature-storage.war] has finished in [65] ms
20-Mar-2025 21:42:18.355 INFO [main] org.apache.catalina.startup.HostConfig.deployDirectory Desplegando el directorio [C:\Program Files\apache-tomcat-9.0.98\webapps\afirma-signature-retriever] de la aplicación web
20-Mar-2025 21:42:18.413 INFO [main] org.apache.catalina.startup.HostConfig.deployDirectory Deployment of web application directory [C:\Program Files\apache-tomcat-9.0.98\webapps\afirma-signature-retriever] has finished in [58] ms
20-Mar-2025 21:42:18.413 INFO [main] org.apache.catalina.startup.HostConfig.deployDirectory Desplegando el directorio [C:\Program Files\apache-tomcat-9.0.98\webapps\afirma-signature-storage] de la aplicación web
20-Mar-2025 21:42:18.481 INFO [main] org.apache.catalina.startup.HostConfig.deployDirectory Deployment of web application directory [C:\Program Files\apache-tomcat-9.0.98\webapps\afirma-signature-storage] has finished in [68] ms
20-Mar-2025 21:42:18.481 INFO [main] org.apache.catalina.startup.HostConfig.deployDirectory Desplegando el directorio [C:\Program Files\apache-tomcat-9.0.98\webapps\docs] de la aplicación web
20-Mar-2025 21:42:18.523 INFO [main] org.apache.catalina.startup.HostConfig.deployDirectory Deployment of web application directory [C:\Program Files\apache-tomcat-9.0.98\webapps\docs] has finished in [42] ms
20-Mar-2025 21:42:18.523 INFO [main] org.apache.catalina.startup.HostConfig.deployDirectory Desplegando el directorio [C:\Program Files\apache-tomcat-9.0.98\webapps\examples] de la aplicación web
20-Mar-2025 21:42:19.119 INFO [main] org.apache.catalina.startup.HostConfig.deployDirectory Deployment of web application directory [C:\Program Files\apache-tomcat-9.0.98\webapps\examples] has finished in [596] ms
20-Mar-2025 21:42:19.121 INFO [main] org.apache.catalina.startup.HostConfig.deployDirectory Desplegando el directorio [C:\Program Files\apache-tomcat-9.0.98\webapps\host-manager] de la aplicación web
20-Mar-2025 21:42:19.185 INFO [main] org.apache.catalina.startup.HostConfig.deployDirectory Deployment of web application directory [C:\Program Files\apache-tomcat-9.0.98\webapps\host-manager] has finished in [63] ms
20-Mar-2025 21:42:19.185 INFO [main] org.apache.catalina.startup.HostConfig.deployDirectory Desplegando el directorio [C:\Program Files\apache-tomcat-9.0.98\webapps\manager] de la aplicación web
20-Mar-2025 21:42:19.250 INFO [main] org.apache.catalina.startup.HostConfig.deployDirectory Deployment of web application directory [C:\Program Files\apache-tomcat-9.0.98\webapps\manager] has finished in [65] ms
20-Mar-2025 21:42:19.251 INFO [main] org.apache.catalina.startup.HostConfig.deployDirectory Desplegando el directorio [C:\Program Files\apache-tomcat-9.0.98\webapps\ROOT] de la aplicación web
20-Mar-2025 21:42:19.290 INFO [main] org.apache.catalina.startup.HostConfig.deployDirectory Deployment of web application directory [C:\Program Files\apache-tomcat-9.0.98\webapps\ROOT] has finished in [39] ms
20-Mar-2025 21:42:19.297 INFO [main] org.apache.coyote.AbstractProtocol.start Starting ProtocolHandler ["https-openssl-nio-8166"]
20-Mar-2025 21:42:19.322 INFO [main] org.apache.catalina.startup.Catalina.start Server startup in [1656] milliseconds
20-Mar-2025 21:42:27.965 INFO [https-openssl-nio-8166-exec-1] es.gob.afirma.signfolder.server.proxy.StorageService.service  == INICIO GUARDADO
20-Mar-2025 21:42:27.984 WARNING [https-openssl-nio-8166-exec-1] es.gob.afirma.signfolder.server.proxy.StorageService.service No se ha indicado codigo de operacion
20-Mar-2025 21:46:08.197 INFO [https-openssl-nio-8166-exec-2] es.gob.afirma.signfolder.server.proxy.StorageService.service  == INICIO GUARDADO
20-Mar-2025 21:46:08.197 WARNING [https-openssl-nio-8166-exec-2] es.gob.afirma.signfolder.server.proxy.StorageService.service No se ha indicado codigo de operacion
20-Mar-2025 21:46:37.828 INFO [https-openssl-nio-8166-exec-1] es.gob.afirma.signfolder.server.proxy.RetrieveService.service  == INICIO RECUPERACION
20-Mar-2025 21:46:37.830 INFO [https-openssl-nio-8166-exec-1] es.gob.afirma.signfolder.server.proxy.RetrieveService.retrieveSign Se solicita el fichero con el identificador: 2KgfWwK7Fl96FGyHJLNj
20-Mar-2025 21:46:37.835 INFO [https-openssl-nio-8166-exec-1] es.gob.afirma.signfolder.server.proxy.RetrieveConfig.<clinit> Se carga el fichero de configuracion del classpath
20-Mar-2025 21:46:37.835 INFO [https-openssl-nio-8166-exec-1] es.gob.afirma.signfolder.server.proxy.RetrieveConfig.<clinit> No se ha indicado un direcctorio temporal, se usara el por defecto del sistema
20-Mar-2025 21:46:37.835 WARNING [https-openssl-nio-8166-exec-1] es.gob.afirma.signfolder.server.proxy.RetrieveService.retrieveSign El fichero con el identificador '2KgfWwK7Fl96FGyHJLNj' no existe: C:\Program Files\apache-tomcat-9.0.98\temp\2KgfWwK7Fl96FGyHJLNj
20-Mar-2025 21:46:37.835 INFO [https-openssl-nio-8166-exec-1] es.gob.afirma.signfolder.server.proxy.RetrieveService.service  == FIN RECUPERACION
20-Mar-2025 21:46:41.870 INFO [https-openssl-nio-8166-exec-2] es.gob.afirma.signfolder.server.proxy.RetrieveService.service  == INICIO RECUPERACION
20-Mar-2025 21:46:41.870 INFO [https-openssl-nio-8166-exec-2] es.gob.afirma.signfolder.server.proxy.RetrieveService.retrieveSign Se solicita el fichero con el identificador: 2KgfWwK7Fl96FGyHJLNj
20-Mar-2025 21:46:41.870 WARNING [https-openssl-nio-8166-exec-2] es.gob.afirma.signfolder.server.proxy.RetrieveService.retrieveSign El fichero con el identificador '2KgfWwK7Fl96FGyHJLNj' no existe: C:\Program Files\apache-tomcat-9.0.98\temp\2KgfWwK7Fl96FGyHJLNj
20-Mar-2025 21:46:41.870 INFO [https-openssl-nio-8166-exec-2] es.gob.afirma.signfolder.server.proxy.RetrieveService.service  == FIN RECUPERACION
20-Mar-2025 21:46:46.004 INFO [https-openssl-nio-8166-exec-3] es.gob.afirma.signfolder.server.proxy.RetrieveService.service  == INICIO RECUPERACION
20-Mar-2025 21:46:46.004 INFO [https-openssl-nio-8166-exec-3] es.gob.afirma.signfolder.server.proxy.RetrieveService.retrieveSign Se solicita el fichero con el identificador: 2KgfWwK7Fl96FGyHJLNj
20-Mar-2025 21:46:46.006 WARNING [https-openssl-nio-8166-exec-3] es.gob.afirma.signfolder.server.proxy.RetrieveService.retrieveSign El fichero con el identificador '2KgfWwK7Fl96FGyHJLNj' no existe: C:\Program Files\apache-tomcat-9.0.98\temp\2KgfWwK7Fl96FGyHJLNj
20-Mar-2025 21:46:46.006 INFO [https-openssl-nio-8166-exec-3] es.gob.afirma.signfolder.server.proxy.RetrieveService.service  == FIN RECUPERACION
20-Mar-2025 21:46:50.023 INFO [https-openssl-nio-8166-exec-6] es.gob.afirma.signfolder.server.proxy.RetrieveService.service  == INICIO RECUPERACION
20-Mar-2025 21:46:50.025 INFO [https-openssl-nio-8166-exec-6] es.gob.afirma.signfolder.server.proxy.RetrieveService.retrieveSign Se solicita el fichero con el identificador: 2KgfWwK7Fl96FGyHJLNj
20-Mar-2025 21:46:50.025 WARNING [https-openssl-nio-8166-exec-6] es.gob.afirma.signfolder.server.proxy.RetrieveService.retrieveSign El fichero con el identificador '2KgfWwK7Fl96FGyHJLNj' no existe: C:\Program Files\apache-tomcat-9.0.98\temp\2KgfWwK7Fl96FGyHJLNj
20-Mar-2025 21:46:50.025 INFO [https-openssl-nio-8166-exec-6] es.gob.afirma.signfolder.server.proxy.RetrieveService.service  == FIN RECUPERACION
20-Mar-2025 21:46:50.070 INFO [https-openssl-nio-8166-exec-1] es.gob.afirma.signfolder.server.proxy.StorageService.service  == INICIO GUARDADO
20-Mar-2025 21:46:50.070 WARNING [https-openssl-nio-8166-exec-1] es.gob.afirma.signfolder.server.proxy.StorageService.service No se ha indicado codigo de operacion
20-Mar-2025 21:46:54.079 INFO [https-openssl-nio-8166-exec-2] es.gob.afirma.signfolder.server.proxy.RetrieveService.service  == INICIO RECUPERACION
20-Mar-2025 21:46:54.079 INFO [https-openssl-nio-8166-exec-2] es.gob.afirma.signfolder.server.proxy.RetrieveService.retrieveSign Se solicita el fichero con el identificador: 2KgfWwK7Fl96FGyHJLNj
20-Mar-2025 21:46:54.079 WARNING [https-openssl-nio-8166-exec-2] es.gob.afirma.signfolder.server.proxy.RetrieveService.retrieveSign El fichero con el identificador '2KgfWwK7Fl96FGyHJLNj' no existe: C:\Program Files\apache-tomcat-9.0.98\temp\2KgfWwK7Fl96FGyHJLNj
20-Mar-2025 21:46:54.079 INFO [https-openssl-nio-8166-exec-2] es.gob.afirma.signfolder.server.proxy.RetrieveService.service  == FIN RECUPERACION
20-Mar-2025 21:46:58.113 INFO [https-openssl-nio-8166-exec-3] es.gob.afirma.signfolder.server.proxy.RetrieveService.service  == INICIO RECUPERACION
20-Mar-2025 21:46:58.114 INFO [https-openssl-nio-8166-exec-3] es.gob.afirma.signfolder.server.proxy.RetrieveService.retrieveSign Se solicita el fichero con el identificador: 2KgfWwK7Fl96FGyHJLNj
20-Mar-2025 21:46:58.115 WARNING [https-openssl-nio-8166-exec-3] es.gob.afirma.signfolder.server.proxy.RetrieveService.retrieveSign El fichero con el identificador '2KgfWwK7Fl96FGyHJLNj' no existe: C:\Program Files\apache-tomcat-9.0.98\temp\2KgfWwK7Fl96FGyHJLNj
20-Mar-2025 21:46:58.116 INFO [https-openssl-nio-8166-exec-3] es.gob.afirma.signfolder.server.proxy.RetrieveService.service  == FIN RECUPERACION
20-Mar-2025 21:47:02.158 INFO [https-openssl-nio-8166-exec-6] es.gob.afirma.signfolder.server.proxy.RetrieveService.service  == INICIO RECUPERACION
20-Mar-2025 21:47:02.158 INFO [https-openssl-nio-8166-exec-6] es.gob.afirma.signfolder.server.proxy.RetrieveService.retrieveSign Se solicita el fichero con el identificador: 2KgfWwK7Fl96FGyHJLNj
20-Mar-2025 21:47:02.158 WARNING [https-openssl-nio-8166-exec-6] es.gob.afirma.signfolder.server.proxy.RetrieveService.retrieveSign El fichero con el identificador '2KgfWwK7Fl96FGyHJLNj' no existe: C:\Program Files\apache-tomcat-9.0.98\temp\2KgfWwK7Fl96FGyHJLNj
20-Mar-2025 21:47:02.158 INFO [https-openssl-nio-8166-exec-6] es.gob.afirma.signfolder.server.proxy.RetrieveService.service  == FIN RECUPERACION
20-Mar-2025 21:47:06.925 INFO [https-openssl-nio-8166-exec-4] es.gob.afirma.signfolder.server.proxy.RetrieveService.service  == INICIO RECUPERACION
20-Mar-2025 21:47:06.933 INFO [https-openssl-nio-8166-exec-4] es.gob.afirma.signfolder.server.proxy.RetrieveService.retrieveSign Se solicita el fichero con el identificador: 2KgfWwK7Fl96FGyHJLNj
20-Mar-2025 21:47:06.933 WARNING [https-openssl-nio-8166-exec-4] es.gob.afirma.signfolder.server.proxy.RetrieveService.retrieveSign El fichero con el identificador '2KgfWwK7Fl96FGyHJLNj' no existe: C:\Program Files\apache-tomcat-9.0.98\temp\2KgfWwK7Fl96FGyHJLNj
20-Mar-2025 21:47:06.933 INFO [https-openssl-nio-8166-exec-4] es.gob.afirma.signfolder.server.proxy.RetrieveService.service  == FIN RECUPERACION
20-Mar-2025 21:47:12.044 INFO [https-openssl-nio-8166-exec-1] es.gob.afirma.signfolder.server.proxy.RetrieveService.service  == INICIO RECUPERACION
20-Mar-2025 21:47:12.044 INFO [https-openssl-nio-8166-exec-1] es.gob.afirma.signfolder.server.proxy.RetrieveService.retrieveSign Se solicita el fichero con el identificador: 2KgfWwK7Fl96FGyHJLNj
20-Mar-2025 21:47:12.044 WARNING [https-openssl-nio-8166-exec-1] es.gob.afirma.signfolder.server.proxy.RetrieveService.retrieveSign El fichero con el identificador '2KgfWwK7Fl96FGyHJLNj' no existe: C:\Program Files\apache-tomcat-9.0.98\temp\2KgfWwK7Fl96FGyHJLNj
20-Mar-2025 21:47:12.044 INFO [https-openssl-nio-8166-exec-1] es.gob.afirma.signfolder.server.proxy.RetrieveService.service  == FIN RECUPERACION
20-Mar-2025 21:47:16.943 INFO [https-openssl-nio-8166-exec-2] es.gob.afirma.signfolder.server.proxy.RetrieveService.service  == INICIO RECUPERACION
20-Mar-2025 21:47:16.943 INFO [https-openssl-nio-8166-exec-2] es.gob.afirma.signfolder.server.proxy.RetrieveService.retrieveSign Se solicita el fichero con el identificador: 2KgfWwK7Fl96FGyHJLNj
20-Mar-2025 21:47:16.943 WARNING [https-openssl-nio-8166-exec-2] es.gob.afirma.signfolder.server.proxy.RetrieveService.retrieveSign El fichero con el identificador '2KgfWwK7Fl96FGyHJLNj' no existe: C:\Program Files\apache-tomcat-9.0.98\temp\2KgfWwK7Fl96FGyHJLNj
20-Mar-2025 21:47:16.943 INFO [https-openssl-nio-8166-exec-2] es.gob.afirma.signfolder.server.proxy.RetrieveService.service  == FIN RECUPERACION
20-Mar-2025 21:47:22.007 INFO [https-openssl-nio-8166-exec-3] es.gob.afirma.signfolder.server.proxy.RetrieveService.service  == INICIO RECUPERACION
20-Mar-2025 21:47:22.007 INFO [https-openssl-nio-8166-exec-3] es.gob.afirma.signfolder.server.proxy.RetrieveService.retrieveSign Se solicita el fichero con el identificador: 2KgfWwK7Fl96FGyHJLNj
20-Mar-2025 21:47:22.007 WARNING [https-openssl-nio-8166-exec-3] es.gob.afirma.signfolder.server.proxy.RetrieveService.retrieveSign El fichero con el identificador '2KgfWwK7Fl96FGyHJLNj' no existe: C:\Program Files\apache-tomcat-9.0.98\temp\2KgfWwK7Fl96FGyHJLNj
20-Mar-2025 21:47:22.007 INFO [https-openssl-nio-8166-exec-3] es.gob.afirma.signfolder.server.proxy.RetrieveService.service  == FIN RECUPERACION
20-Mar-2025 21:47:26.995 INFO [https-openssl-nio-8166-exec-6] es.gob.afirma.signfolder.server.proxy.RetrieveService.service  == INICIO RECUPERACION
20-Mar-2025 21:47:27.003 INFO [https-openssl-nio-8166-exec-6] es.gob.afirma.signfolder.server.proxy.RetrieveService.retrieveSign Se solicita el fichero con el identificador: 2KgfWwK7Fl96FGyHJLNj
20-Mar-2025 21:47:27.003 WARNING [https-openssl-nio-8166-exec-6] es.gob.afirma.signfolder.server.proxy.RetrieveService.retrieveSign El fichero con el identificador '2KgfWwK7Fl96FGyHJLNj' no existe: C:\Program Files\apache-tomcat-9.0.98\temp\2KgfWwK7Fl96FGyHJLNj
20-Mar-2025 21:47:27.003 INFO [https-openssl-nio-8166-exec-6] es.gob.afirma.signfolder.server.proxy.RetrieveService.service  == FIN RECUPERACION
20-Mar-2025 21:47:32.127 INFO [https-openssl-nio-8166-exec-4] es.gob.afirma.signfolder.server.proxy.RetrieveService.service  == INICIO RECUPERACION
20-Mar-2025 21:47:32.127 INFO [https-openssl-nio-8166-exec-4] es.gob.afirma.signfolder.server.proxy.RetrieveService.retrieveSign Se solicita el fichero con el identificador: 2KgfWwK7Fl96FGyHJLNj
20-Mar-2025 21:47:32.127 WARNING [https-openssl-nio-8166-exec-4] es.gob.afirma.signfolder.server.proxy.RetrieveService.retrieveSign El fichero con el identificador '2KgfWwK7Fl96FGyHJLNj' no existe: C:\Program Files\apache-tomcat-9.0.98\temp\2KgfWwK7Fl96FGyHJLNj
20-Mar-2025 21:47:32.127 INFO [https-openssl-nio-8166-exec-4] es.gob.afirma.signfolder.server.proxy.RetrieveService.service  == FIN RECUPERACION
20-Mar-2025 21:47:37.040 INFO [https-openssl-nio-8166-exec-5] es.gob.afirma.signfolder.server.proxy.RetrieveService.service  == INICIO RECUPERACION
20-Mar-2025 21:47:37.040 INFO [https-openssl-nio-8166-exec-5] es.gob.afirma.signfolder.server.proxy.RetrieveService.retrieveSign Se solicita el fichero con el identificador: 2KgfWwK7Fl96FGyHJLNj
20-Mar-2025 21:47:37.040 WARNING [https-openssl-nio-8166-exec-5] es.gob.afirma.signfolder.server.proxy.RetrieveService.retrieveSign El fichero con el identificador '2KgfWwK7Fl96FGyHJLNj' no existe: C:\Program Files\apache-tomcat-9.0.98\temp\2KgfWwK7Fl96FGyHJLNj
20-Mar-2025 21:47:37.040 INFO [https-openssl-nio-8166-exec-5] es.gob.afirma.signfolder.server.proxy.RetrieveService.service  == FIN RECUPERACION
20-Mar-2025 21:47:41.952 INFO [https-openssl-nio-8166-exec-9] es.gob.afirma.signfolder.server.proxy.RetrieveService.service  == INICIO RECUPERACION
20-Mar-2025 21:47:41.953 INFO [https-openssl-nio-8166-exec-9] es.gob.afirma.signfolder.server.proxy.RetrieveService.retrieveSign Se solicita el fichero con el identificador: 2KgfWwK7Fl96FGyHJLNj
20-Mar-2025 21:47:41.953 WARNING [https-openssl-nio-8166-exec-9] es.gob.afirma.signfolder.server.proxy.RetrieveService.retrieveSign El fichero con el identificador '2KgfWwK7Fl96FGyHJLNj' no existe: C:\Program Files\apache-tomcat-9.0.98\temp\2KgfWwK7Fl96FGyHJLNj
20-Mar-2025 21:47:41.954 INFO [https-openssl-nio-8166-exec-9] es.gob.afirma.signfolder.server.proxy.RetrieveService.service  == FIN RECUPERACION
20-Mar-2025 21:47:42.418 INFO [https-openssl-nio-8166-exec-8] es.gob.afirma.signfolder.server.proxy.StorageService.service  == INICIO GUARDADO
20-Mar-2025 21:47:42.418 WARNING [https-openssl-nio-8166-exec-8] es.gob.afirma.signfolder.server.proxy.StorageService.service No se ha indicado codigo de operacion
20-Mar-2025 21:47:46.969 INFO [https-openssl-nio-8166-exec-1] es.gob.afirma.signfolder.server.proxy.RetrieveService.service  == INICIO RECUPERACION
20-Mar-2025 21:47:46.977 INFO [https-openssl-nio-8166-exec-1] es.gob.afirma.signfolder.server.proxy.RetrieveService.retrieveSign Se solicita el fichero con el identificador: 2KgfWwK7Fl96FGyHJLNj
20-Mar-2025 21:47:46.977 WARNING [https-openssl-nio-8166-exec-1] es.gob.afirma.signfolder.server.proxy.RetrieveService.retrieveSign El fichero con el identificador '2KgfWwK7Fl96FGyHJLNj' no existe: C:\Program Files\apache-tomcat-9.0.98\temp\2KgfWwK7Fl96FGyHJLNj
20-Mar-2025 21:47:46.977 INFO [https-openssl-nio-8166-exec-1] es.gob.afirma.signfolder.server.proxy.RetrieveService.service  == FIN RECUPERACION
20-Mar-2025 21:47:52.202 INFO [https-openssl-nio-8166-exec-8] es.gob.afirma.signfolder.server.proxy.StorageService.service  == INICIO GUARDADO
20-Mar-2025 21:47:52.203 WARNING [https-openssl-nio-8166-exec-8] es.gob.afirma.signfolder.server.proxy.StorageService.service No se ha indicado codigo de operacion
20-Mar-2025 21:48:07.999 INFO [https-openssl-nio-8166-exec-5] es.gob.afirma.signfolder.server.proxy.StorageService.service  == INICIO GUARDADO
20-Mar-2025 21:48:07.999 WARNING [https-openssl-nio-8166-exec-5] es.gob.afirma.signfolder.server.proxy.StorageService.service No se ha indicado codigo de operacion
20-Mar-2025 21:50:48.992 INFO [main] org.apache.catalina.startup.VersionLoggerListener.log Nombre de la versión del servidor: Apache Tomcat/9.0.98
20-Mar-2025 21:50:49.005 INFO [main] org.apache.catalina.startup.VersionLoggerListener.log Server built:                      Dec 5 2024 19:50:29 UTC
20-Mar-2025 21:50:49.005 INFO [main] org.apache.catalina.startup.VersionLoggerListener.log Número de versión de servidor:     9.0.98.0
20-Mar-2025 21:50:49.005 INFO [main] org.apache.catalina.startup.VersionLoggerListener.log OS Name:                           Windows 11
20-Mar-2025 21:50:49.005 INFO [main] org.apache.catalina.startup.VersionLoggerListener.log Versión de Systema Operativo:      10.0
20-Mar-2025 21:50:49.005 INFO [main] org.apache.catalina.startup.VersionLoggerListener.log Arquitectura:                      amd64
20-Mar-2025 21:50:49.005 INFO [main] org.apache.catalina.startup.VersionLoggerListener.log Java Home:                         C:\Program Files\Java\jdk-21
20-Mar-2025 21:50:49.005 INFO [main] org.apache.catalina.startup.VersionLoggerListener.log JVM Version:                       21.0.5+9-LTS-239
20-Mar-2025 21:50:49.005 INFO [main] org.apache.catalina.startup.VersionLoggerListener.log Vededor JVM:                       Oracle Corporation
20-Mar-2025 21:50:49.005 INFO [main] org.apache.catalina.startup.VersionLoggerListener.log CATALINA_BASE:                     C:\Program Files\apache-tomcat-9.0.98
20-Mar-2025 21:50:49.008 INFO [main] org.apache.catalina.startup.VersionLoggerListener.log CATALINA_HOME:                     C:\Program Files\apache-tomcat-9.0.98
20-Mar-2025 21:50:49.025 INFO [main] org.apache.catalina.startup.VersionLoggerListener.log Command line argument:             --add-opens=java.base/java.lang=ALL-UNNAMED
20-Mar-2025 21:50:49.025 INFO [main] org.apache.catalina.startup.VersionLoggerListener.log Command line argument:             --add-opens=java.base/java.io=ALL-UNNAMED
20-Mar-2025 21:50:49.025 INFO [main] org.apache.catalina.startup.VersionLoggerListener.log Command line argument:             --add-opens=java.base/java.util=ALL-UNNAMED
20-Mar-2025 21:50:49.027 INFO [main] org.apache.catalina.startup.VersionLoggerListener.log Command line argument:             --add-opens=java.base/java.util.concurrent=ALL-UNNAMED
20-Mar-2025 21:50:49.027 INFO [main] org.apache.catalina.startup.VersionLoggerListener.log Command line argument:             --add-opens=java.rmi/sun.rmi.transport=ALL-UNNAMED
20-Mar-2025 21:50:49.027 INFO [main] org.apache.catalina.startup.VersionLoggerListener.log Command line argument:             -Djava.util.logging.config.file=C:\Program Files\apache-tomcat-9.0.98\conf\logging.properties
20-Mar-2025 21:50:49.027 INFO [main] org.apache.catalina.startup.VersionLoggerListener.log Command line argument:             -Djava.util.logging.manager=org.apache.juli.ClassLoaderLogManager
20-Mar-2025 21:50:49.027 INFO [main] org.apache.catalina.startup.VersionLoggerListener.log Command line argument:             -Djdk.tls.ephemeralDHKeySize=2048
20-Mar-2025 21:50:49.030 INFO [main] org.apache.catalina.startup.VersionLoggerListener.log Command line argument:             -Djava.protocol.handler.pkgs=org.apache.catalina.webresources
20-Mar-2025 21:50:49.030 INFO [main] org.apache.catalina.startup.VersionLoggerListener.log Command line argument:             -Dignore.endorsed.dirs=
20-Mar-2025 21:50:49.030 INFO [main] org.apache.catalina.startup.VersionLoggerListener.log Command line argument:             -Dcatalina.base=C:\Program Files\apache-tomcat-9.0.98
20-Mar-2025 21:50:49.030 INFO [main] org.apache.catalina.startup.VersionLoggerListener.log Command line argument:             -Dcatalina.home=C:\Program Files\apache-tomcat-9.0.98
20-Mar-2025 21:50:49.030 INFO [main] org.apache.catalina.startup.VersionLoggerListener.log Command line argument:             -Djava.io.tmpdir=C:\Program Files\apache-tomcat-9.0.98\temp
20-Mar-2025 21:50:49.037 INFO [main] org.apache.catalina.core.AprLifecycleListener.lifecycleEvent Cargada la biblioteca nativa APR de Apache Tomcat [1.3.1] con la versión APR [1.7.4].
20-Mar-2025 21:50:49.039 INFO [main] org.apache.catalina.core.AprLifecycleListener.lifecycleEvent Capacidades APR: IPv6 [true], enviar fichero [true], aceptar filtros [false], aleatorio [true], UDS [true].
20-Mar-2025 21:50:49.039 INFO [main] org.apache.catalina.core.AprLifecycleListener.lifecycleEvent APR/OpenSSL configuration: useAprConnector [false], useOpenSSL [true]
20-Mar-2025 21:50:49.051 INFO [main] org.apache.catalina.core.AprLifecycleListener.initializeSSL OpenSSL inicializado correctamente [OpenSSL 3.0.14 4 Jun 2024]
20-Mar-2025 21:50:49.546 INFO [main] org.apache.coyote.AbstractProtocol.init Inicializando el manejador de protocolo ["https-openssl-nio-8616"]

20-Mar-2025 21:50:49.940 INFO [main] org.apache.tomcat.util.net.AbstractEndpoint.logCertificate Connector [https-openssl-nio-8616], TLS virtual host [_default_], certificate type [UNDEFINED] configured from keystore [C:\Users\Cris-SX\Desktop\UA\TFG\CERTIFICADOS\server.keystore] using alias [tomcat] with trust store [null]
20-Mar-2025 21:50:49.956 INFO [main] org.apache.catalina.startup.Catalina.load Server initialization in [1250] milliseconds
20-Mar-2025 21:50:50.050 INFO [main] org.apache.catalina.core.StandardService.startInternal Arrancando servicio [Catalina]
20-Mar-2025 21:50:50.050 INFO [main] org.apache.catalina.core.StandardEngine.startInternal Starting Servlet engine: [Apache Tomcat/9.0.98]
20-Mar-2025 21:50:50.076 INFO [main] org.apache.catalina.startup.HostConfig.deployWAR Despliegue del archivo [C:\Program Files\apache-tomcat-9.0.98\webapps\vital-sanity#afirma-signature-retriever.war] de la aplicación web
20-Mar-2025 21:50:50.554 INFO [main] org.apache.catalina.startup.HostConfig.deployWAR Deployment of web application archive [C:\Program Files\apache-tomcat-9.0.98\webapps\vital-sanity#afirma-signature-retriever.war] has finished in [475] ms
20-Mar-2025 21:50:50.557 INFO [main] org.apache.catalina.startup.HostConfig.deployWAR Despliegue del archivo [C:\Program Files\apache-tomcat-9.0.98\webapps\vital-sanity#afirma-signature-storage.war] de la aplicación web
20-Mar-2025 21:50:50.620 INFO [main] org.apache.catalina.startup.HostConfig.deployWAR Deployment of web application archive [C:\Program Files\apache-tomcat-9.0.98\webapps\vital-sanity#afirma-signature-storage.war] has finished in [64] ms
20-Mar-2025 21:50:50.620 INFO [main] org.apache.catalina.startup.HostConfig.deployDirectory Desplegando el directorio [C:\Program Files\apache-tomcat-9.0.98\webapps\afirma-signature-retriever] de la aplicación web
20-Mar-2025 21:50:50.677 INFO [main] org.apache.catalina.startup.HostConfig.deployDirectory Deployment of web application directory [C:\Program Files\apache-tomcat-9.0.98\webapps\afirma-signature-retriever] has finished in [57] ms
20-Mar-2025 21:50:50.686 INFO [main] org.apache.catalina.startup.HostConfig.deployDirectory Desplegando el directorio [C:\Program Files\apache-tomcat-9.0.98\webapps\afirma-signature-storage] de la aplicación web
20-Mar-2025 21:50:50.743 INFO [main] org.apache.catalina.startup.HostConfig.deployDirectory Deployment of web application directory [C:\Program Files\apache-tomcat-9.0.98\webapps\afirma-signature-storage] has finished in [57] ms
20-Mar-2025 21:50:50.743 INFO [main] org.apache.catalina.startup.HostConfig.deployDirectory Desplegando el directorio [C:\Program Files\apache-tomcat-9.0.98\webapps\docs] de la aplicación web
20-Mar-2025 21:50:50.784 INFO [main] org.apache.catalina.startup.HostConfig.deployDirectory Deployment of web application directory [C:\Program Files\apache-tomcat-9.0.98\webapps\docs] has finished in [41] ms
20-Mar-2025 21:50:50.784 INFO [main] org.apache.catalina.startup.HostConfig.deployDirectory Desplegando el directorio [C:\Program Files\apache-tomcat-9.0.98\webapps\examples] de la aplicación web
20-Mar-2025 21:50:51.390 INFO [main] org.apache.catalina.startup.HostConfig.deployDirectory Deployment of web application directory [C:\Program Files\apache-tomcat-9.0.98\webapps\examples] has finished in [606] ms
20-Mar-2025 21:50:51.393 INFO [main] org.apache.catalina.startup.HostConfig.deployDirectory Desplegando el directorio [C:\Program Files\apache-tomcat-9.0.98\webapps\host-manager] de la aplicación web
20-Mar-2025 21:50:51.489 INFO [main] org.apache.catalina.startup.HostConfig.deployDirectory Deployment of web application directory [C:\Program Files\apache-tomcat-9.0.98\webapps\host-manager] has finished in [96] ms
20-Mar-2025 21:50:51.490 INFO [main] org.apache.catalina.startup.HostConfig.deployDirectory Desplegando el directorio [C:\Program Files\apache-tomcat-9.0.98\webapps\manager] de la aplicación web
20-Mar-2025 21:50:51.551 INFO [main] org.apache.catalina.startup.HostConfig.deployDirectory Deployment of web application directory [C:\Program Files\apache-tomcat-9.0.98\webapps\manager] has finished in [53] ms
20-Mar-2025 21:50:51.552 INFO [main] org.apache.catalina.startup.HostConfig.deployDirectory Desplegando el directorio [C:\Program Files\apache-tomcat-9.0.98\webapps\ROOT] de la aplicación web
20-Mar-2025 21:50:51.592 INFO [main] org.apache.catalina.startup.HostConfig.deployDirectory Deployment of web application directory [C:\Program Files\apache-tomcat-9.0.98\webapps\ROOT] has finished in [40] ms
20-Mar-2025 21:50:51.605 INFO [main] org.apache.coyote.AbstractProtocol.start Starting ProtocolHandler ["https-openssl-nio-8616"]
20-Mar-2025 21:50:51.640 INFO [main] org.apache.catalina.startup.Catalina.start Server startup in [1684] milliseconds
20-Mar-2025 22:21:29.097 INFO [main] org.apache.catalina.startup.VersionLoggerListener.log Nombre de la versión del servidor: Apache Tomcat/9.0.98
20-Mar-2025 22:21:29.102 INFO [main] org.apache.catalina.startup.VersionLoggerListener.log Server built:                      Dec 5 2024 19:50:29 UTC
20-Mar-2025 22:21:29.102 INFO [main] org.apache.catalina.startup.VersionLoggerListener.log Número de versión de servidor:     9.0.98.0
20-Mar-2025 22:21:29.103 INFO [main] org.apache.catalina.startup.VersionLoggerListener.log OS Name:                           Windows 11
20-Mar-2025 22:21:29.103 INFO [main] org.apache.catalina.startup.VersionLoggerListener.log Versión de Systema Operativo:      10.0
20-Mar-2025 22:21:29.103 INFO [main] org.apache.catalina.startup.VersionLoggerListener.log Arquitectura:                      amd64
20-Mar-2025 22:21:29.104 INFO [main] org.apache.catalina.startup.VersionLoggerListener.log Java Home:                         C:\Program Files\Java\jdk-21
20-Mar-2025 22:21:29.104 INFO [main] org.apache.catalina.startup.VersionLoggerListener.log JVM Version:                       21.0.5+9-LTS-239
20-Mar-2025 22:21:29.104 INFO [main] org.apache.catalina.startup.VersionLoggerListener.log Vededor JVM:                       Oracle Corporation
20-Mar-2025 22:21:29.105 INFO [main] org.apache.catalina.startup.VersionLoggerListener.log CATALINA_BASE:                     C:\Program Files\apache-tomcat-9.0.98
20-Mar-2025 22:21:29.105 INFO [main] org.apache.catalina.startup.VersionLoggerListener.log CATALINA_HOME:                     C:\Program Files\apache-tomcat-9.0.98
20-Mar-2025 22:21:29.119 INFO [main] org.apache.catalina.startup.VersionLoggerListener.log Command line argument:             --add-opens=java.base/java.lang=ALL-UNNAMED
20-Mar-2025 22:21:29.119 INFO [main] org.apache.catalina.startup.VersionLoggerListener.log Command line argument:             --add-opens=java.base/java.io=ALL-UNNAMED
20-Mar-2025 22:21:29.120 INFO [main] org.apache.catalina.startup.VersionLoggerListener.log Command line argument:             --add-opens=java.base/java.util=ALL-UNNAMED
20-Mar-2025 22:21:29.120 INFO [main] org.apache.catalina.startup.VersionLoggerListener.log Command line argument:             --add-opens=java.base/java.util.concurrent=ALL-UNNAMED
20-Mar-2025 22:21:29.120 INFO [main] org.apache.catalina.startup.VersionLoggerListener.log Command line argument:             --add-opens=java.rmi/sun.rmi.transport=ALL-UNNAMED
20-Mar-2025 22:21:29.121 INFO [main] org.apache.catalina.startup.VersionLoggerListener.log Command line argument:             -Djava.util.logging.config.file=C:\Program Files\apache-tomcat-9.0.98\conf\logging.properties
20-Mar-2025 22:21:29.121 INFO [main] org.apache.catalina.startup.VersionLoggerListener.log Command line argument:             -Djava.util.logging.manager=org.apache.juli.ClassLoaderLogManager
20-Mar-2025 22:21:29.121 INFO [main] org.apache.catalina.startup.VersionLoggerListener.log Command line argument:             -Djdk.tls.ephemeralDHKeySize=2048
20-Mar-2025 22:21:29.122 INFO [main] org.apache.catalina.startup.VersionLoggerListener.log Command line argument:             -Djava.protocol.handler.pkgs=org.apache.catalina.webresources
20-Mar-2025 22:21:29.122 INFO [main] org.apache.catalina.startup.VersionLoggerListener.log Command line argument:             -Dignore.endorsed.dirs=
20-Mar-2025 22:21:29.123 INFO [main] org.apache.catalina.startup.VersionLoggerListener.log Command line argument:             -Dcatalina.base=C:\Program Files\apache-tomcat-9.0.98
20-Mar-2025 22:21:29.123 INFO [main] org.apache.catalina.startup.VersionLoggerListener.log Command line argument:             -Dcatalina.home=C:\Program Files\apache-tomcat-9.0.98
20-Mar-2025 22:21:29.123 INFO [main] org.apache.catalina.startup.VersionLoggerListener.log Command line argument:             -Djava.io.tmpdir=C:\Program Files\apache-tomcat-9.0.98\temp
20-Mar-2025 22:21:29.128 INFO [main] org.apache.catalina.core.AprLifecycleListener.lifecycleEvent Cargada la biblioteca nativa APR de Apache Tomcat [1.3.1] con la versión APR [1.7.4].
20-Mar-2025 22:21:29.129 INFO [main] org.apache.catalina.core.AprLifecycleListener.lifecycleEvent Capacidades APR: IPv6 [true], enviar fichero [true], aceptar filtros [false], aleatorio [true], UDS [true].
20-Mar-2025 22:21:29.129 INFO [main] org.apache.catalina.core.AprLifecycleListener.lifecycleEvent APR/OpenSSL configuration: useAprConnector [false], useOpenSSL [true]
20-Mar-2025 22:21:29.137 INFO [main] org.apache.catalina.core.AprLifecycleListener.initializeSSL OpenSSL inicializado correctamente [OpenSSL 3.0.14 4 Jun 2024]
20-Mar-2025 22:21:29.653 INFO [main] org.apache.coyote.AbstractProtocol.init Inicializando el manejador de protocolo ["https-openssl-nio-8080"]

20-Mar-2025 22:21:30.053 INFO [main] org.apache.tomcat.util.net.AbstractEndpoint.logCertificate Connector [https-openssl-nio-8080], TLS virtual host [_default_], certificate type [UNDEFINED] configured from keystore [C:\Users\Cris-SX\Desktop\UA\TFG\CERTIFICADOS\server.keystore] using alias [tomcat] with trust store [null]
20-Mar-2025 22:21:30.067 INFO [main] org.apache.catalina.startup.Catalina.load Server initialization in [1266] milliseconds
20-Mar-2025 22:21:30.171 INFO [main] org.apache.catalina.core.StandardService.startInternal Arrancando servicio [Catalina]
20-Mar-2025 22:21:30.171 INFO [main] org.apache.catalina.core.StandardEngine.startInternal Starting Servlet engine: [Apache Tomcat/9.0.98]
20-Mar-2025 22:21:30.193 INFO [main] org.apache.catalina.startup.HostConfig.deployWAR Despliegue del archivo [C:\Program Files\apache-tomcat-9.0.98\webapps\vital-sanity#afirma-signature-retriever.war] de la aplicación web
20-Mar-2025 22:21:30.607 INFO [main] org.apache.catalina.startup.HostConfig.deployWAR Deployment of web application archive [C:\Program Files\apache-tomcat-9.0.98\webapps\vital-sanity#afirma-signature-retriever.war] has finished in [410] ms
20-Mar-2025 22:21:30.609 INFO [main] org.apache.catalina.startup.HostConfig.deployWAR Despliegue del archivo [C:\Program Files\apache-tomcat-9.0.98\webapps\vital-sanity#afirma-signature-storage.war] de la aplicación web
20-Mar-2025 22:21:30.678 INFO [main] org.apache.catalina.startup.HostConfig.deployWAR Deployment of web application archive [C:\Program Files\apache-tomcat-9.0.98\webapps\vital-sanity#afirma-signature-storage.war] has finished in [68] ms
20-Mar-2025 22:21:30.679 INFO [main] org.apache.catalina.startup.HostConfig.deployDirectory Desplegando el directorio [C:\Program Files\apache-tomcat-9.0.98\webapps\afirma-signature-retriever] de la aplicación web
20-Mar-2025 22:21:30.740 INFO [main] org.apache.catalina.startup.HostConfig.deployDirectory Deployment of web application directory [C:\Program Files\apache-tomcat-9.0.98\webapps\afirma-signature-retriever] has finished in [61] ms
20-Mar-2025 22:21:30.741 INFO [main] org.apache.catalina.startup.HostConfig.deployDirectory Desplegando el directorio [C:\Program Files\apache-tomcat-9.0.98\webapps\afirma-signature-storage] de la aplicación web
20-Mar-2025 22:21:30.804 INFO [main] org.apache.catalina.startup.HostConfig.deployDirectory Deployment of web application directory [C:\Program Files\apache-tomcat-9.0.98\webapps\afirma-signature-storage] has finished in [63] ms
20-Mar-2025 22:21:30.805 INFO [main] org.apache.catalina.startup.HostConfig.deployDirectory Desplegando el directorio [C:\Program Files\apache-tomcat-9.0.98\webapps\docs] de la aplicación web
20-Mar-2025 22:21:30.853 INFO [main] org.apache.catalina.startup.HostConfig.deployDirectory Deployment of web application directory [C:\Program Files\apache-tomcat-9.0.98\webapps\docs] has finished in [48] ms
20-Mar-2025 22:21:30.855 INFO [main] org.apache.catalina.startup.HostConfig.deployDirectory Desplegando el directorio [C:\Program Files\apache-tomcat-9.0.98\webapps\examples] de la aplicación web
20-Mar-2025 22:21:31.412 INFO [main] org.apache.catalina.startup.HostConfig.deployDirectory Deployment of web application directory [C:\Program Files\apache-tomcat-9.0.98\webapps\examples] has finished in [557] ms
20-Mar-2025 22:21:31.413 INFO [main] org.apache.catalina.startup.HostConfig.deployDirectory Desplegando el directorio [C:\Program Files\apache-tomcat-9.0.98\webapps\host-manager] de la aplicación web
20-Mar-2025 22:21:31.462 INFO [main] org.apache.catalina.startup.HostConfig.deployDirectory Deployment of web application directory [C:\Program Files\apache-tomcat-9.0.98\webapps\host-manager] has finished in [50] ms
20-Mar-2025 22:21:31.463 INFO [main] org.apache.catalina.startup.HostConfig.deployDirectory Desplegando el directorio [C:\Program Files\apache-tomcat-9.0.98\webapps\manager] de la aplicación web
20-Mar-2025 22:21:31.513 INFO [main] org.apache.catalina.startup.HostConfig.deployDirectory Deployment of web application directory [C:\Program Files\apache-tomcat-9.0.98\webapps\manager] has finished in [49] ms
20-Mar-2025 22:21:31.513 INFO [main] org.apache.catalina.startup.HostConfig.deployDirectory Desplegando el directorio [C:\Program Files\apache-tomcat-9.0.98\webapps\ROOT] de la aplicación web
20-Mar-2025 22:21:31.550 INFO [main] org.apache.catalina.startup.HostConfig.deployDirectory Deployment of web application directory [C:\Program Files\apache-tomcat-9.0.98\webapps\ROOT] has finished in [36] ms
20-Mar-2025 22:21:31.560 INFO [main] org.apache.coyote.AbstractProtocol.start Starting ProtocolHandler ["https-openssl-nio-8080"]
20-Mar-2025 22:21:31.584 INFO [main] org.apache.catalina.startup.Catalina.start Server startup in [1515] milliseconds
20-Mar-2025 22:22:55.310 INFO [https-openssl-nio-8080-exec-2] es.gob.afirma.signfolder.server.proxy.RetrieveService.service  == INICIO RECUPERACION
20-Mar-2025 22:22:55.319 INFO [https-openssl-nio-8080-exec-2] es.gob.afirma.signfolder.server.proxy.RetrieveService.retrieveSign Se solicita el fichero con el identificador: OktfTwnW1sJ1PFpUzo9A
20-Mar-2025 22:22:55.325 INFO [https-openssl-nio-8080-exec-2] es.gob.afirma.signfolder.server.proxy.RetrieveConfig.<clinit> Se carga el fichero de configuracion del classpath
20-Mar-2025 22:22:55.330 INFO [https-openssl-nio-8080-exec-2] es.gob.afirma.signfolder.server.proxy.RetrieveConfig.<clinit> No se ha indicado un direcctorio temporal, se usara el por defecto del sistema
20-Mar-2025 22:22:55.334 WARNING [https-openssl-nio-8080-exec-2] es.gob.afirma.signfolder.server.proxy.RetrieveService.retrieveSign El fichero con el identificador 'OktfTwnW1sJ1PFpUzo9A' no existe: C:\Program Files\apache-tomcat-9.0.98\temp\OktfTwnW1sJ1PFpUzo9A
20-Mar-2025 22:22:55.342 INFO [https-openssl-nio-8080-exec-2] es.gob.afirma.signfolder.server.proxy.RetrieveService.service  == FIN RECUPERACION
20-Mar-2025 22:22:59.541 INFO [https-openssl-nio-8080-exec-6] es.gob.afirma.signfolder.server.proxy.RetrieveService.service  == INICIO RECUPERACION
20-Mar-2025 22:22:59.542 INFO [https-openssl-nio-8080-exec-6] es.gob.afirma.signfolder.server.proxy.RetrieveService.retrieveSign Se solicita el fichero con el identificador: OktfTwnW1sJ1PFpUzo9A
20-Mar-2025 22:22:59.542 WARNING [https-openssl-nio-8080-exec-6] es.gob.afirma.signfolder.server.proxy.RetrieveService.retrieveSign El fichero con el identificador 'OktfTwnW1sJ1PFpUzo9A' no existe: C:\Program Files\apache-tomcat-9.0.98\temp\OktfTwnW1sJ1PFpUzo9A
20-Mar-2025 22:22:59.543 INFO [https-openssl-nio-8080-exec-6] es.gob.afirma.signfolder.server.proxy.RetrieveService.service  == FIN RECUPERACION
20-Mar-2025 22:23:03.705 INFO [https-openssl-nio-8080-exec-9] es.gob.afirma.signfolder.server.proxy.RetrieveService.service  == INICIO RECUPERACION
20-Mar-2025 22:23:03.706 INFO [https-openssl-nio-8080-exec-9] es.gob.afirma.signfolder.server.proxy.RetrieveService.retrieveSign Se solicita el fichero con el identificador: OktfTwnW1sJ1PFpUzo9A
20-Mar-2025 22:23:03.707 WARNING [https-openssl-nio-8080-exec-9] es.gob.afirma.signfolder.server.proxy.RetrieveService.retrieveSign El fichero con el identificador 'OktfTwnW1sJ1PFpUzo9A' no existe: C:\Program Files\apache-tomcat-9.0.98\temp\OktfTwnW1sJ1PFpUzo9A
20-Mar-2025 22:23:03.708 INFO [https-openssl-nio-8080-exec-9] es.gob.afirma.signfolder.server.proxy.RetrieveService.service  == FIN RECUPERACION
20-Mar-2025 22:23:07.739 INFO [https-openssl-nio-8080-exec-3] es.gob.afirma.signfolder.server.proxy.RetrieveService.service  == INICIO RECUPERACION
20-Mar-2025 22:23:07.740 INFO [https-openssl-nio-8080-exec-3] es.gob.afirma.signfolder.server.proxy.RetrieveService.retrieveSign Se solicita el fichero con el identificador: OktfTwnW1sJ1PFpUzo9A
20-Mar-2025 22:23:07.740 WARNING [https-openssl-nio-8080-exec-3] es.gob.afirma.signfolder.server.proxy.RetrieveService.retrieveSign El fichero con el identificador 'OktfTwnW1sJ1PFpUzo9A' no existe: C:\Program Files\apache-tomcat-9.0.98\temp\OktfTwnW1sJ1PFpUzo9A
20-Mar-2025 22:23:07.742 INFO [https-openssl-nio-8080-exec-3] es.gob.afirma.signfolder.server.proxy.RetrieveService.service  == FIN RECUPERACION
20-Mar-2025 22:23:08.351 INFO [https-openssl-nio-8080-exec-5] es.gob.afirma.signfolder.server.proxy.RetrieveService.service  == INICIO RECUPERACION
20-Mar-2025 22:23:08.352 WARNING [https-openssl-nio-8080-exec-5] es.gob.afirma.signfolder.server.proxy.RetrieveService.service ERR-00:=No se ha indicado código de operación
20-Mar-2025 22:23:11.772 INFO [https-openssl-nio-8080-exec-8] es.gob.afirma.signfolder.server.proxy.RetrieveService.service  == INICIO RECUPERACION
20-Mar-2025 22:23:11.773 INFO [https-openssl-nio-8080-exec-8] es.gob.afirma.signfolder.server.proxy.RetrieveService.retrieveSign Se solicita el fichero con el identificador: OktfTwnW1sJ1PFpUzo9A
20-Mar-2025 22:23:11.774 WARNING [https-openssl-nio-8080-exec-8] es.gob.afirma.signfolder.server.proxy.RetrieveService.retrieveSign El fichero con el identificador 'OktfTwnW1sJ1PFpUzo9A' no existe: C:\Program Files\apache-tomcat-9.0.98\temp\OktfTwnW1sJ1PFpUzo9A
20-Mar-2025 22:23:11.775 INFO [https-openssl-nio-8080-exec-8] es.gob.afirma.signfolder.server.proxy.RetrieveService.service  == FIN RECUPERACION
20-Mar-2025 22:23:15.872 INFO [https-openssl-nio-8080-exec-1] es.gob.afirma.signfolder.server.proxy.RetrieveService.service  == INICIO RECUPERACION
20-Mar-2025 22:23:15.874 INFO [https-openssl-nio-8080-exec-1] es.gob.afirma.signfolder.server.proxy.RetrieveService.retrieveSign Se solicita el fichero con el identificador: OktfTwnW1sJ1PFpUzo9A
20-Mar-2025 22:23:15.874 WARNING [https-openssl-nio-8080-exec-1] es.gob.afirma.signfolder.server.proxy.RetrieveService.retrieveSign El fichero con el identificador 'OktfTwnW1sJ1PFpUzo9A' no existe: C:\Program Files\apache-tomcat-9.0.98\temp\OktfTwnW1sJ1PFpUzo9A
20-Mar-2025 22:23:15.876 INFO [https-openssl-nio-8080-exec-1] es.gob.afirma.signfolder.server.proxy.RetrieveService.service  == FIN RECUPERACION
20-Mar-2025 22:23:20.100 INFO [https-openssl-nio-8080-exec-4] es.gob.afirma.signfolder.server.proxy.RetrieveService.service  == INICIO RECUPERACION
20-Mar-2025 22:23:20.100 INFO [https-openssl-nio-8080-exec-4] es.gob.afirma.signfolder.server.proxy.RetrieveService.retrieveSign Se solicita el fichero con el identificador: OktfTwnW1sJ1PFpUzo9A
20-Mar-2025 22:23:20.100 WARNING [https-openssl-nio-8080-exec-4] es.gob.afirma.signfolder.server.proxy.RetrieveService.retrieveSign El fichero con el identificador 'OktfTwnW1sJ1PFpUzo9A' no existe: C:\Program Files\apache-tomcat-9.0.98\temp\OktfTwnW1sJ1PFpUzo9A
20-Mar-2025 22:23:20.100 INFO [https-openssl-nio-8080-exec-4] es.gob.afirma.signfolder.server.proxy.RetrieveService.service  == FIN RECUPERACION
20-Mar-2025 22:23:25.064 INFO [https-openssl-nio-8080-exec-7] es.gob.afirma.signfolder.server.proxy.RetrieveService.service  == INICIO RECUPERACION
20-Mar-2025 22:23:25.065 INFO [https-openssl-nio-8080-exec-7] es.gob.afirma.signfolder.server.proxy.RetrieveService.retrieveSign Se solicita el fichero con el identificador: OktfTwnW1sJ1PFpUzo9A
20-Mar-2025 22:23:25.066 WARNING [https-openssl-nio-8080-exec-7] es.gob.afirma.signfolder.server.proxy.RetrieveService.retrieveSign El fichero con el identificador 'OktfTwnW1sJ1PFpUzo9A' no existe: C:\Program Files\apache-tomcat-9.0.98\temp\OktfTwnW1sJ1PFpUzo9A
20-Mar-2025 22:23:25.066 INFO [https-openssl-nio-8080-exec-7] es.gob.afirma.signfolder.server.proxy.RetrieveService.service  == FIN RECUPERACION
20-Mar-2025 22:23:30.173 INFO [https-openssl-nio-8080-exec-10] es.gob.afirma.signfolder.server.proxy.RetrieveService.service  == INICIO RECUPERACION
20-Mar-2025 22:23:30.173 WARNING [https-openssl-nio-8080-exec-10] es.gob.afirma.signfolder.server.proxy.RetrieveService.service ERR-00:=No se ha indicado código de operación
20-Mar-2025 22:23:30.181 INFO [https-openssl-nio-8080-exec-2] es.gob.afirma.signfolder.server.proxy.RetrieveService.service  == INICIO RECUPERACION
20-Mar-2025 22:23:30.181 INFO [https-openssl-nio-8080-exec-2] es.gob.afirma.signfolder.server.proxy.RetrieveService.retrieveSign Se solicita el fichero con el identificador: OktfTwnW1sJ1PFpUzo9A
20-Mar-2025 22:23:30.181 WARNING [https-openssl-nio-8080-exec-2] es.gob.afirma.signfolder.server.proxy.RetrieveService.retrieveSign El fichero con el identificador 'OktfTwnW1sJ1PFpUzo9A' no existe: C:\Program Files\apache-tomcat-9.0.98\temp\OktfTwnW1sJ1PFpUzo9A
20-Mar-2025 22:23:30.181 INFO [https-openssl-nio-8080-exec-2] es.gob.afirma.signfolder.server.proxy.RetrieveService.service  == FIN RECUPERACION
20-Mar-2025 22:23:35.118 INFO [https-openssl-nio-8080-exec-6] es.gob.afirma.signfolder.server.proxy.RetrieveService.service  == INICIO RECUPERACION
20-Mar-2025 22:23:35.127 INFO [https-openssl-nio-8080-exec-6] es.gob.afirma.signfolder.server.proxy.RetrieveService.retrieveSign Se solicita el fichero con el identificador: OktfTwnW1sJ1PFpUzo9A
20-Mar-2025 22:23:35.131 WARNING [https-openssl-nio-8080-exec-6] es.gob.afirma.signfolder.server.proxy.RetrieveService.retrieveSign El fichero con el identificador 'OktfTwnW1sJ1PFpUzo9A' no existe: C:\Program Files\apache-tomcat-9.0.98\temp\OktfTwnW1sJ1PFpUzo9A
20-Mar-2025 22:23:35.133 INFO [https-openssl-nio-8080-exec-6] es.gob.afirma.signfolder.server.proxy.RetrieveService.service  == FIN RECUPERACION
20-Mar-2025 22:23:40.015 INFO [https-openssl-nio-8080-exec-9] es.gob.afirma.signfolder.server.proxy.RetrieveService.service  == INICIO RECUPERACION
20-Mar-2025 22:23:40.015 INFO [https-openssl-nio-8080-exec-9] es.gob.afirma.signfolder.server.proxy.RetrieveService.retrieveSign Se solicita el fichero con el identificador: OktfTwnW1sJ1PFpUzo9A
20-Mar-2025 22:23:40.015 WARNING [https-openssl-nio-8080-exec-9] es.gob.afirma.signfolder.server.proxy.RetrieveService.retrieveSign El fichero con el identificador 'OktfTwnW1sJ1PFpUzo9A' no existe: C:\Program Files\apache-tomcat-9.0.98\temp\OktfTwnW1sJ1PFpUzo9A
20-Mar-2025 22:23:40.015 INFO [https-openssl-nio-8080-exec-9] es.gob.afirma.signfolder.server.proxy.RetrieveService.service  == FIN RECUPERACION
20-Mar-2025 22:23:45.048 INFO [https-openssl-nio-8080-exec-3] es.gob.afirma.signfolder.server.proxy.RetrieveService.service  == INICIO RECUPERACION
20-Mar-2025 22:23:45.057 INFO [https-openssl-nio-8080-exec-3] es.gob.afirma.signfolder.server.proxy.RetrieveService.retrieveSign Se solicita el fichero con el identificador: OktfTwnW1sJ1PFpUzo9A
20-Mar-2025 22:23:45.057 WARNING [https-openssl-nio-8080-exec-3] es.gob.afirma.signfolder.server.proxy.RetrieveService.retrieveSign El fichero con el identificador 'OktfTwnW1sJ1PFpUzo9A' no existe: C:\Program Files\apache-tomcat-9.0.98\temp\OktfTwnW1sJ1PFpUzo9A
20-Mar-2025 22:23:45.057 INFO [https-openssl-nio-8080-exec-3] es.gob.afirma.signfolder.server.proxy.RetrieveService.service  == FIN RECUPERACION
20-Mar-2025 22:23:50.174 INFO [https-openssl-nio-8080-exec-5] es.gob.afirma.signfolder.server.proxy.RetrieveService.service  == INICIO RECUPERACION
20-Mar-2025 22:23:50.175 INFO [https-openssl-nio-8080-exec-5] es.gob.afirma.signfolder.server.proxy.RetrieveService.retrieveSign Se solicita el fichero con el identificador: OktfTwnW1sJ1PFpUzo9A
20-Mar-2025 22:23:50.175 WARNING [https-openssl-nio-8080-exec-5] es.gob.afirma.signfolder.server.proxy.RetrieveService.retrieveSign El fichero con el identificador 'OktfTwnW1sJ1PFpUzo9A' no existe: C:\Program Files\apache-tomcat-9.0.98\temp\OktfTwnW1sJ1PFpUzo9A
20-Mar-2025 22:23:50.175 INFO [https-openssl-nio-8080-exec-5] es.gob.afirma.signfolder.server.proxy.RetrieveService.service  == FIN RECUPERACION
20-Mar-2025 22:23:55.094 INFO [https-openssl-nio-8080-exec-8] es.gob.afirma.signfolder.server.proxy.RetrieveService.service  == INICIO RECUPERACION
20-Mar-2025 22:23:55.096 INFO [https-openssl-nio-8080-exec-8] es.gob.afirma.signfolder.server.proxy.RetrieveService.retrieveSign Se solicita el fichero con el identificador: OktfTwnW1sJ1PFpUzo9A
20-Mar-2025 22:23:55.098 WARNING [https-openssl-nio-8080-exec-8] es.gob.afirma.signfolder.server.proxy.RetrieveService.retrieveSign El fichero con el identificador 'OktfTwnW1sJ1PFpUzo9A' no existe: C:\Program Files\apache-tomcat-9.0.98\temp\OktfTwnW1sJ1PFpUzo9A
20-Mar-2025 22:23:55.100 INFO [https-openssl-nio-8080-exec-8] es.gob.afirma.signfolder.server.proxy.RetrieveService.service  == FIN RECUPERACION
20-Mar-2025 22:24:23.912 INFO [https-openssl-nio-8080-exec-1] es.gob.afirma.signfolder.server.proxy.RetrieveService.service  == INICIO RECUPERACION
20-Mar-2025 22:24:23.912 WARNING [https-openssl-nio-8080-exec-1] es.gob.afirma.signfolder.server.proxy.RetrieveService.service ERR-00:=No se ha indicado código de operación
20-Mar-2025 22:24:53.873 INFO [https-openssl-nio-8080-exec-4] es.gob.afirma.signfolder.server.proxy.RetrieveService.service  == INICIO RECUPERACION
20-Mar-2025 22:24:53.873 INFO [https-openssl-nio-8080-exec-4] es.gob.afirma.signfolder.server.proxy.RetrieveService.retrieveSign Se solicita el fichero con el identificador: Be0uXfG7F141jEtbV903
20-Mar-2025 22:24:53.873 WARNING [https-openssl-nio-8080-exec-4] es.gob.afirma.signfolder.server.proxy.RetrieveService.retrieveSign El fichero con el identificador 'Be0uXfG7F141jEtbV903' no existe: C:\Program Files\apache-tomcat-9.0.98\temp\Be0uXfG7F141jEtbV903
20-Mar-2025 22:24:53.873 INFO [https-openssl-nio-8080-exec-4] es.gob.afirma.signfolder.server.proxy.RetrieveService.service  == FIN RECUPERACION
20-Mar-2025 22:24:58.501 INFO [https-openssl-nio-8080-exec-7] es.gob.afirma.signfolder.server.proxy.RetrieveService.service  == INICIO RECUPERACION
20-Mar-2025 22:24:58.501 INFO [https-openssl-nio-8080-exec-7] es.gob.afirma.signfolder.server.proxy.RetrieveService.retrieveSign Se solicita el fichero con el identificador: Be0uXfG7F141jEtbV903
20-Mar-2025 22:24:58.501 WARNING [https-openssl-nio-8080-exec-7] es.gob.afirma.signfolder.server.proxy.RetrieveService.retrieveSign El fichero con el identificador 'Be0uXfG7F141jEtbV903' no existe: C:\Program Files\apache-tomcat-9.0.98\temp\Be0uXfG7F141jEtbV903
20-Mar-2025 22:24:58.502 INFO [https-openssl-nio-8080-exec-7] es.gob.afirma.signfolder.server.proxy.RetrieveService.service  == FIN RECUPERACION
20-Mar-2025 22:25:02.566 INFO [https-openssl-nio-8080-exec-10] es.gob.afirma.signfolder.server.proxy.RetrieveService.service  == INICIO RECUPERACION
20-Mar-2025 22:25:02.567 INFO [https-openssl-nio-8080-exec-10] es.gob.afirma.signfolder.server.proxy.RetrieveService.retrieveSign Se solicita el fichero con el identificador: Be0uXfG7F141jEtbV903
20-Mar-2025 22:25:02.570 WARNING [https-openssl-nio-8080-exec-10] es.gob.afirma.signfolder.server.proxy.RetrieveService.retrieveSign El fichero con el identificador 'Be0uXfG7F141jEtbV903' no existe: C:\Program Files\apache-tomcat-9.0.98\temp\Be0uXfG7F141jEtbV903
20-Mar-2025 22:25:02.571 INFO [https-openssl-nio-8080-exec-10] es.gob.afirma.signfolder.server.proxy.RetrieveService.service  == FIN RECUPERACION
20-Mar-2025 22:25:04.425 INFO [https-openssl-nio-8080-exec-2] es.gob.afirma.signfolder.server.proxy.RetrieveService.service  == INICIO RECUPERACION
20-Mar-2025 22:25:04.433 INFO [https-openssl-nio-8080-exec-2] es.gob.afirma.signfolder.server.proxy.RetrieveService.retrieveSign Se solicita el fichero con el identificador: K3B1FFnJ7gpRZNK5bszm
20-Mar-2025 22:25:04.433 WARNING [https-openssl-nio-8080-exec-2] es.gob.afirma.signfolder.server.proxy.RetrieveService.retrieveSign El fichero con el identificador 'K3B1FFnJ7gpRZNK5bszm' no existe: C:\Program Files\apache-tomcat-9.0.98\temp\K3B1FFnJ7gpRZNK5bszm
20-Mar-2025 22:25:04.433 INFO [https-openssl-nio-8080-exec-2] es.gob.afirma.signfolder.server.proxy.RetrieveService.service  == FIN RECUPERACION
20-Mar-2025 22:25:06.606 INFO [https-openssl-nio-8080-exec-6] es.gob.afirma.signfolder.server.proxy.RetrieveService.service  == INICIO RECUPERACION
20-Mar-2025 22:25:06.613 INFO [https-openssl-nio-8080-exec-6] es.gob.afirma.signfolder.server.proxy.RetrieveService.retrieveSign Se solicita el fichero con el identificador: Be0uXfG7F141jEtbV903
20-Mar-2025 22:25:06.613 WARNING [https-openssl-nio-8080-exec-6] es.gob.afirma.signfolder.server.proxy.RetrieveService.retrieveSign El fichero con el identificador 'Be0uXfG7F141jEtbV903' no existe: C:\Program Files\apache-tomcat-9.0.98\temp\Be0uXfG7F141jEtbV903
20-Mar-2025 22:25:06.614 INFO [https-openssl-nio-8080-exec-6] es.gob.afirma.signfolder.server.proxy.RetrieveService.service  == FIN RECUPERACION
20-Mar-2025 22:25:08.465 INFO [https-openssl-nio-8080-exec-9] es.gob.afirma.signfolder.server.proxy.RetrieveService.service  == INICIO RECUPERACION
20-Mar-2025 22:25:08.465 INFO [https-openssl-nio-8080-exec-9] es.gob.afirma.signfolder.server.proxy.RetrieveService.retrieveSign Se solicita el fichero con el identificador: K3B1FFnJ7gpRZNK5bszm
20-Mar-2025 22:25:08.465 WARNING [https-openssl-nio-8080-exec-9] es.gob.afirma.signfolder.server.proxy.RetrieveService.retrieveSign El fichero con el identificador 'K3B1FFnJ7gpRZNK5bszm' no existe: C:\Program Files\apache-tomcat-9.0.98\temp\K3B1FFnJ7gpRZNK5bszm
20-Mar-2025 22:25:08.465 INFO [https-openssl-nio-8080-exec-9] es.gob.afirma.signfolder.server.proxy.RetrieveService.service  == FIN RECUPERACION
20-Mar-2025 22:25:10.659 INFO [https-openssl-nio-8080-exec-3] es.gob.afirma.signfolder.server.proxy.RetrieveService.service  == INICIO RECUPERACION
20-Mar-2025 22:25:10.666 INFO [https-openssl-nio-8080-exec-3] es.gob.afirma.signfolder.server.proxy.RetrieveService.retrieveSign Se solicita el fichero con el identificador: Be0uXfG7F141jEtbV903
20-Mar-2025 22:25:10.667 WARNING [https-openssl-nio-8080-exec-3] es.gob.afirma.signfolder.server.proxy.RetrieveService.retrieveSign El fichero con el identificador 'Be0uXfG7F141jEtbV903' no existe: C:\Program Files\apache-tomcat-9.0.98\temp\Be0uXfG7F141jEtbV903
20-Mar-2025 22:25:10.667 INFO [https-openssl-nio-8080-exec-3] es.gob.afirma.signfolder.server.proxy.RetrieveService.service  == FIN RECUPERACION
20-Mar-2025 22:25:12.524 INFO [https-openssl-nio-8080-exec-5] es.gob.afirma.signfolder.server.proxy.RetrieveService.service  == INICIO RECUPERACION
20-Mar-2025 22:25:12.524 INFO [https-openssl-nio-8080-exec-5] es.gob.afirma.signfolder.server.proxy.RetrieveService.retrieveSign Se solicita el fichero con el identificador: K3B1FFnJ7gpRZNK5bszm
20-Mar-2025 22:25:12.524 WARNING [https-openssl-nio-8080-exec-5] es.gob.afirma.signfolder.server.proxy.RetrieveService.retrieveSign El fichero con el identificador 'K3B1FFnJ7gpRZNK5bszm' no existe: C:\Program Files\apache-tomcat-9.0.98\temp\K3B1FFnJ7gpRZNK5bszm
20-Mar-2025 22:25:12.528 INFO [https-openssl-nio-8080-exec-5] es.gob.afirma.signfolder.server.proxy.RetrieveService.service  == FIN RECUPERACION
20-Mar-2025 22:25:14.771 INFO [https-openssl-nio-8080-exec-8] es.gob.afirma.signfolder.server.proxy.RetrieveService.service  == INICIO RECUPERACION
20-Mar-2025 22:25:14.771 INFO [https-openssl-nio-8080-exec-8] es.gob.afirma.signfolder.server.proxy.RetrieveService.retrieveSign Se solicita el fichero con el identificador: Be0uXfG7F141jEtbV903
20-Mar-2025 22:25:14.771 WARNING [https-openssl-nio-8080-exec-8] es.gob.afirma.signfolder.server.proxy.RetrieveService.retrieveSign El fichero con el identificador 'Be0uXfG7F141jEtbV903' no existe: C:\Program Files\apache-tomcat-9.0.98\temp\Be0uXfG7F141jEtbV903
20-Mar-2025 22:25:14.771 INFO [https-openssl-nio-8080-exec-8] es.gob.afirma.signfolder.server.proxy.RetrieveService.service  == FIN RECUPERACION
20-Mar-2025 22:25:16.677 INFO [https-openssl-nio-8080-exec-1] es.gob.afirma.signfolder.server.proxy.RetrieveService.service  == INICIO RECUPERACION
20-Mar-2025 22:25:16.680 INFO [https-openssl-nio-8080-exec-1] es.gob.afirma.signfolder.server.proxy.RetrieveService.retrieveSign Se solicita el fichero con el identificador: K3B1FFnJ7gpRZNK5bszm
20-Mar-2025 22:25:16.681 WARNING [https-openssl-nio-8080-exec-1] es.gob.afirma.signfolder.server.proxy.RetrieveService.retrieveSign El fichero con el identificador 'K3B1FFnJ7gpRZNK5bszm' no existe: C:\Program Files\apache-tomcat-9.0.98\temp\K3B1FFnJ7gpRZNK5bszm
20-Mar-2025 22:25:16.683 INFO [https-openssl-nio-8080-exec-1] es.gob.afirma.signfolder.server.proxy.RetrieveService.service  == FIN RECUPERACION
20-Mar-2025 22:25:18.958 INFO [https-openssl-nio-8080-exec-4] es.gob.afirma.signfolder.server.proxy.RetrieveService.service  == INICIO RECUPERACION
20-Mar-2025 22:25:18.959 INFO [https-openssl-nio-8080-exec-4] es.gob.afirma.signfolder.server.proxy.RetrieveService.retrieveSign Se solicita el fichero con el identificador: Be0uXfG7F141jEtbV903
20-Mar-2025 22:25:18.959 WARNING [https-openssl-nio-8080-exec-4] es.gob.afirma.signfolder.server.proxy.RetrieveService.retrieveSign El fichero con el identificador 'Be0uXfG7F141jEtbV903' no existe: C:\Program Files\apache-tomcat-9.0.98\temp\Be0uXfG7F141jEtbV903
20-Mar-2025 22:25:18.973 INFO [https-openssl-nio-8080-exec-4] es.gob.afirma.signfolder.server.proxy.RetrieveService.service  == FIN RECUPERACION
20-Mar-2025 22:25:20.755 INFO [https-openssl-nio-8080-exec-7] es.gob.afirma.signfolder.server.proxy.RetrieveService.service  == INICIO RECUPERACION
20-Mar-2025 22:25:20.755 INFO [https-openssl-nio-8080-exec-7] es.gob.afirma.signfolder.server.proxy.RetrieveService.retrieveSign Se solicita el fichero con el identificador: K3B1FFnJ7gpRZNK5bszm
20-Mar-2025 22:25:20.763 WARNING [https-openssl-nio-8080-exec-7] es.gob.afirma.signfolder.server.proxy.RetrieveService.retrieveSign El fichero con el identificador 'K3B1FFnJ7gpRZNK5bszm' no existe: C:\Program Files\apache-tomcat-9.0.98\temp\K3B1FFnJ7gpRZNK5bszm
20-Mar-2025 22:25:20.765 INFO [https-openssl-nio-8080-exec-7] es.gob.afirma.signfolder.server.proxy.RetrieveService.service  == FIN RECUPERACION
20-Mar-2025 22:25:23.149 INFO [https-openssl-nio-8080-exec-10] es.gob.afirma.signfolder.server.proxy.RetrieveService.service  == INICIO RECUPERACION
20-Mar-2025 22:25:23.149 INFO [https-openssl-nio-8080-exec-10] es.gob.afirma.signfolder.server.proxy.RetrieveService.retrieveSign Se solicita el fichero con el identificador: Be0uXfG7F141jEtbV903
20-Mar-2025 22:25:23.153 WARNING [https-openssl-nio-8080-exec-10] es.gob.afirma.signfolder.server.proxy.RetrieveService.retrieveSign El fichero con el identificador 'Be0uXfG7F141jEtbV903' no existe: C:\Program Files\apache-tomcat-9.0.98\temp\Be0uXfG7F141jEtbV903
20-Mar-2025 22:25:23.154 INFO [https-openssl-nio-8080-exec-10] es.gob.afirma.signfolder.server.proxy.RetrieveService.service  == FIN RECUPERACION
20-Mar-2025 22:25:25.115 INFO [https-openssl-nio-8080-exec-2] es.gob.afirma.signfolder.server.proxy.RetrieveService.service  == INICIO RECUPERACION
20-Mar-2025 22:25:25.116 INFO [https-openssl-nio-8080-exec-2] es.gob.afirma.signfolder.server.proxy.RetrieveService.retrieveSign Se solicita el fichero con el identificador: K3B1FFnJ7gpRZNK5bszm
20-Mar-2025 22:25:25.117 WARNING [https-openssl-nio-8080-exec-2] es.gob.afirma.signfolder.server.proxy.RetrieveService.retrieveSign El fichero con el identificador 'K3B1FFnJ7gpRZNK5bszm' no existe: C:\Program Files\apache-tomcat-9.0.98\temp\K3B1FFnJ7gpRZNK5bszm
20-Mar-2025 22:25:25.117 INFO [https-openssl-nio-8080-exec-2] es.gob.afirma.signfolder.server.proxy.RetrieveService.service  == FIN RECUPERACION
20-Mar-2025 22:25:27.364 INFO [https-openssl-nio-8080-exec-6] es.gob.afirma.signfolder.server.proxy.RetrieveService.service  == INICIO RECUPERACION
20-Mar-2025 22:25:27.364 INFO [https-openssl-nio-8080-exec-6] es.gob.afirma.signfolder.server.proxy.RetrieveService.retrieveSign Se solicita el fichero con el identificador: Be0uXfG7F141jEtbV903
20-Mar-2025 22:25:27.364 WARNING [https-openssl-nio-8080-exec-6] es.gob.afirma.signfolder.server.proxy.RetrieveService.retrieveSign El fichero con el identificador 'Be0uXfG7F141jEtbV903' no existe: C:\Program Files\apache-tomcat-9.0.98\temp\Be0uXfG7F141jEtbV903
20-Mar-2025 22:25:27.367 INFO [https-openssl-nio-8080-exec-6] es.gob.afirma.signfolder.server.proxy.RetrieveService.service  == FIN RECUPERACION
20-Mar-2025 22:25:29.201 INFO [https-openssl-nio-8080-exec-9] es.gob.afirma.signfolder.server.proxy.RetrieveService.service  == INICIO RECUPERACION
20-Mar-2025 22:25:29.201 INFO [https-openssl-nio-8080-exec-9] es.gob.afirma.signfolder.server.proxy.RetrieveService.retrieveSign Se solicita el fichero con el identificador: K3B1FFnJ7gpRZNK5bszm
20-Mar-2025 22:25:29.201 WARNING [https-openssl-nio-8080-exec-9] es.gob.afirma.signfolder.server.proxy.RetrieveService.retrieveSign El fichero con el identificador 'K3B1FFnJ7gpRZNK5bszm' no existe: C:\Program Files\apache-tomcat-9.0.98\temp\K3B1FFnJ7gpRZNK5bszm
20-Mar-2025 22:25:29.209 INFO [https-openssl-nio-8080-exec-9] es.gob.afirma.signfolder.server.proxy.RetrieveService.service  == FIN RECUPERACION
20-Mar-2025 22:25:31.589 INFO [https-openssl-nio-8080-exec-3] es.gob.afirma.signfolder.server.proxy.RetrieveService.service  == INICIO RECUPERACION
20-Mar-2025 22:25:31.589 INFO [https-openssl-nio-8080-exec-3] es.gob.afirma.signfolder.server.proxy.RetrieveService.retrieveSign Se solicita el fichero con el identificador: Be0uXfG7F141jEtbV903
20-Mar-2025 22:25:31.589 WARNING [https-openssl-nio-8080-exec-3] es.gob.afirma.signfolder.server.proxy.RetrieveService.retrieveSign El fichero con el identificador 'Be0uXfG7F141jEtbV903' no existe: C:\Program Files\apache-tomcat-9.0.98\temp\Be0uXfG7F141jEtbV903
20-Mar-2025 22:25:31.595 INFO [https-openssl-nio-8080-exec-3] es.gob.afirma.signfolder.server.proxy.RetrieveService.service  == FIN RECUPERACION
20-Mar-2025 22:25:33.269 INFO [https-openssl-nio-8080-exec-5] es.gob.afirma.signfolder.server.proxy.RetrieveService.service  == INICIO RECUPERACION
20-Mar-2025 22:25:33.271 INFO [https-openssl-nio-8080-exec-5] es.gob.afirma.signfolder.server.proxy.RetrieveService.retrieveSign Se solicita el fichero con el identificador: K3B1FFnJ7gpRZNK5bszm
20-Mar-2025 22:25:33.272 WARNING [https-openssl-nio-8080-exec-5] es.gob.afirma.signfolder.server.proxy.RetrieveService.retrieveSign El fichero con el identificador 'K3B1FFnJ7gpRZNK5bszm' no existe: C:\Program Files\apache-tomcat-9.0.98\temp\K3B1FFnJ7gpRZNK5bszm
20-Mar-2025 22:25:33.273 INFO [https-openssl-nio-8080-exec-5] es.gob.afirma.signfolder.server.proxy.RetrieveService.service  == FIN RECUPERACION
20-Mar-2025 22:26:03.314 INFO [https-openssl-nio-8080-exec-8] es.gob.afirma.signfolder.server.proxy.RetrieveService.service  == INICIO RECUPERACION
20-Mar-2025 22:26:03.315 INFO [https-openssl-nio-8080-exec-8] es.gob.afirma.signfolder.server.proxy.RetrieveService.retrieveSign Se solicita el fichero con el identificador: NksOq1bFllSIfBFUOfRW
20-Mar-2025 22:26:03.315 WARNING [https-openssl-nio-8080-exec-8] es.gob.afirma.signfolder.server.proxy.RetrieveService.retrieveSign El fichero con el identificador 'NksOq1bFllSIfBFUOfRW' no existe: C:\Program Files\apache-tomcat-9.0.98\temp\NksOq1bFllSIfBFUOfRW
20-Mar-2025 22:26:03.317 INFO [https-openssl-nio-8080-exec-8] es.gob.afirma.signfolder.server.proxy.RetrieveService.service  == FIN RECUPERACION
20-Mar-2025 22:26:05.802 INFO [https-openssl-nio-8080-exec-1] es.gob.afirma.signfolder.server.proxy.RetrieveService.service  == INICIO RECUPERACION
20-Mar-2025 22:26:05.802 INFO [https-openssl-nio-8080-exec-1] es.gob.afirma.signfolder.server.proxy.RetrieveService.retrieveSign Se solicita el fichero con el identificador: J0bMMxnOH5ezMwwjJ87X
20-Mar-2025 22:26:05.802 WARNING [https-openssl-nio-8080-exec-1] es.gob.afirma.signfolder.server.proxy.RetrieveService.retrieveSign El fichero con el identificador 'J0bMMxnOH5ezMwwjJ87X' no existe: C:\Program Files\apache-tomcat-9.0.98\temp\J0bMMxnOH5ezMwwjJ87X
20-Mar-2025 22:26:05.802 INFO [https-openssl-nio-8080-exec-1] es.gob.afirma.signfolder.server.proxy.RetrieveService.service  == FIN RECUPERACION
20-Mar-2025 22:26:07.415 INFO [https-openssl-nio-8080-exec-4] es.gob.afirma.signfolder.server.proxy.RetrieveService.service  == INICIO RECUPERACION
20-Mar-2025 22:26:07.417 INFO [https-openssl-nio-8080-exec-4] es.gob.afirma.signfolder.server.proxy.RetrieveService.retrieveSign Se solicita el fichero con el identificador: NksOq1bFllSIfBFUOfRW
20-Mar-2025 22:26:07.417 WARNING [https-openssl-nio-8080-exec-4] es.gob.afirma.signfolder.server.proxy.RetrieveService.retrieveSign El fichero con el identificador 'NksOq1bFllSIfBFUOfRW' no existe: C:\Program Files\apache-tomcat-9.0.98\temp\NksOq1bFllSIfBFUOfRW
20-Mar-2025 22:26:07.419 INFO [https-openssl-nio-8080-exec-4] es.gob.afirma.signfolder.server.proxy.RetrieveService.service  == FIN RECUPERACION
20-Mar-2025 22:26:09.948 INFO [https-openssl-nio-8080-exec-7] es.gob.afirma.signfolder.server.proxy.RetrieveService.service  == INICIO RECUPERACION
20-Mar-2025 22:26:09.956 INFO [https-openssl-nio-8080-exec-7] es.gob.afirma.signfolder.server.proxy.RetrieveService.retrieveSign Se solicita el fichero con el identificador: J0bMMxnOH5ezMwwjJ87X
20-Mar-2025 22:26:09.956 WARNING [https-openssl-nio-8080-exec-7] es.gob.afirma.signfolder.server.proxy.RetrieveService.retrieveSign El fichero con el identificador 'J0bMMxnOH5ezMwwjJ87X' no existe: C:\Program Files\apache-tomcat-9.0.98\temp\J0bMMxnOH5ezMwwjJ87X
20-Mar-2025 22:26:09.956 INFO [https-openssl-nio-8080-exec-7] es.gob.afirma.signfolder.server.proxy.RetrieveService.service  == FIN RECUPERACION
20-Mar-2025 22:26:11.540 INFO [https-openssl-nio-8080-exec-10] es.gob.afirma.signfolder.server.proxy.RetrieveService.service  == INICIO RECUPERACION
20-Mar-2025 22:26:11.542 INFO [https-openssl-nio-8080-exec-10] es.gob.afirma.signfolder.server.proxy.RetrieveService.retrieveSign Se solicita el fichero con el identificador: NksOq1bFllSIfBFUOfRW
20-Mar-2025 22:26:11.542 WARNING [https-openssl-nio-8080-exec-10] es.gob.afirma.signfolder.server.proxy.RetrieveService.retrieveSign El fichero con el identificador 'NksOq1bFllSIfBFUOfRW' no existe: C:\Program Files\apache-tomcat-9.0.98\temp\NksOq1bFllSIfBFUOfRW
20-Mar-2025 22:26:11.542 INFO [https-openssl-nio-8080-exec-10] es.gob.afirma.signfolder.server.proxy.RetrieveService.service  == FIN RECUPERACION
20-Mar-2025 22:26:14.044 INFO [https-openssl-nio-8080-exec-2] es.gob.afirma.signfolder.server.proxy.RetrieveService.service  == INICIO RECUPERACION
20-Mar-2025 22:26:14.044 INFO [https-openssl-nio-8080-exec-2] es.gob.afirma.signfolder.server.proxy.RetrieveService.retrieveSign Se solicita el fichero con el identificador: J0bMMxnOH5ezMwwjJ87X
20-Mar-2025 22:26:14.044 WARNING [https-openssl-nio-8080-exec-2] es.gob.afirma.signfolder.server.proxy.RetrieveService.retrieveSign El fichero con el identificador 'J0bMMxnOH5ezMwwjJ87X' no existe: C:\Program Files\apache-tomcat-9.0.98\temp\J0bMMxnOH5ezMwwjJ87X
20-Mar-2025 22:26:14.049 INFO [https-openssl-nio-8080-exec-2] es.gob.afirma.signfolder.server.proxy.RetrieveService.service  == FIN RECUPERACION
20-Mar-2025 22:26:15.588 INFO [https-openssl-nio-8080-exec-6] es.gob.afirma.signfolder.server.proxy.RetrieveService.service  == INICIO RECUPERACION
20-Mar-2025 22:26:15.596 INFO [https-openssl-nio-8080-exec-6] es.gob.afirma.signfolder.server.proxy.RetrieveService.retrieveSign Se solicita el fichero con el identificador: NksOq1bFllSIfBFUOfRW
20-Mar-2025 22:26:15.596 WARNING [https-openssl-nio-8080-exec-6] es.gob.afirma.signfolder.server.proxy.RetrieveService.retrieveSign El fichero con el identificador 'NksOq1bFllSIfBFUOfRW' no existe: C:\Program Files\apache-tomcat-9.0.98\temp\NksOq1bFllSIfBFUOfRW
20-Mar-2025 22:26:15.596 INFO [https-openssl-nio-8080-exec-6] es.gob.afirma.signfolder.server.proxy.RetrieveService.service  == FIN RECUPERACION
20-Mar-2025 22:26:18.153 INFO [https-openssl-nio-8080-exec-9] es.gob.afirma.signfolder.server.proxy.RetrieveService.service  == INICIO RECUPERACION
20-Mar-2025 22:26:18.153 INFO [https-openssl-nio-8080-exec-9] es.gob.afirma.signfolder.server.proxy.RetrieveService.retrieveSign Se solicita el fichero con el identificador: J0bMMxnOH5ezMwwjJ87X
20-Mar-2025 22:26:18.153 WARNING [https-openssl-nio-8080-exec-9] es.gob.afirma.signfolder.server.proxy.RetrieveService.retrieveSign El fichero con el identificador 'J0bMMxnOH5ezMwwjJ87X' no existe: C:\Program Files\apache-tomcat-9.0.98\temp\J0bMMxnOH5ezMwwjJ87X
20-Mar-2025 22:26:18.156 INFO [https-openssl-nio-8080-exec-9] es.gob.afirma.signfolder.server.proxy.RetrieveService.service  == FIN RECUPERACION
20-Mar-2025 22:26:19.676 INFO [https-openssl-nio-8080-exec-3] es.gob.afirma.signfolder.server.proxy.RetrieveService.service  == INICIO RECUPERACION
20-Mar-2025 22:26:19.682 INFO [https-openssl-nio-8080-exec-3] es.gob.afirma.signfolder.server.proxy.RetrieveService.retrieveSign Se solicita el fichero con el identificador: NksOq1bFllSIfBFUOfRW
20-Mar-2025 22:26:19.682 WARNING [https-openssl-nio-8080-exec-3] es.gob.afirma.signfolder.server.proxy.RetrieveService.retrieveSign El fichero con el identificador 'NksOq1bFllSIfBFUOfRW' no existe: C:\Program Files\apache-tomcat-9.0.98\temp\NksOq1bFllSIfBFUOfRW
20-Mar-2025 22:26:19.682 INFO [https-openssl-nio-8080-exec-3] es.gob.afirma.signfolder.server.proxy.RetrieveService.service  == FIN RECUPERACION
20-Mar-2025 22:26:22.238 INFO [https-openssl-nio-8080-exec-5] es.gob.afirma.signfolder.server.proxy.RetrieveService.service  == INICIO RECUPERACION
20-Mar-2025 22:26:22.246 INFO [https-openssl-nio-8080-exec-5] es.gob.afirma.signfolder.server.proxy.RetrieveService.retrieveSign Se solicita el fichero con el identificador: J0bMMxnOH5ezMwwjJ87X
20-Mar-2025 22:26:22.246 WARNING [https-openssl-nio-8080-exec-5] es.gob.afirma.signfolder.server.proxy.RetrieveService.retrieveSign El fichero con el identificador 'J0bMMxnOH5ezMwwjJ87X' no existe: C:\Program Files\apache-tomcat-9.0.98\temp\J0bMMxnOH5ezMwwjJ87X
20-Mar-2025 22:26:22.246 INFO [https-openssl-nio-8080-exec-5] es.gob.afirma.signfolder.server.proxy.RetrieveService.service  == FIN RECUPERACION
20-Mar-2025 22:26:23.876 INFO [https-openssl-nio-8080-exec-8] es.gob.afirma.signfolder.server.proxy.RetrieveService.service  == INICIO RECUPERACION
20-Mar-2025 22:26:23.876 INFO [https-openssl-nio-8080-exec-8] es.gob.afirma.signfolder.server.proxy.RetrieveService.retrieveSign Se solicita el fichero con el identificador: NksOq1bFllSIfBFUOfRW
20-Mar-2025 22:26:23.878 WARNING [https-openssl-nio-8080-exec-8] es.gob.afirma.signfolder.server.proxy.RetrieveService.retrieveSign El fichero con el identificador 'NksOq1bFllSIfBFUOfRW' no existe: C:\Program Files\apache-tomcat-9.0.98\temp\NksOq1bFllSIfBFUOfRW
20-Mar-2025 22:26:23.878 INFO [https-openssl-nio-8080-exec-8] es.gob.afirma.signfolder.server.proxy.RetrieveService.service  == FIN RECUPERACION
20-Mar-2025 22:26:26.341 INFO [https-openssl-nio-8080-exec-1] es.gob.afirma.signfolder.server.proxy.RetrieveService.service  == INICIO RECUPERACION
20-Mar-2025 22:26:26.341 INFO [https-openssl-nio-8080-exec-1] es.gob.afirma.signfolder.server.proxy.RetrieveService.retrieveSign Se solicita el fichero con el identificador: J0bMMxnOH5ezMwwjJ87X
20-Mar-2025 22:26:26.341 WARNING [https-openssl-nio-8080-exec-1] es.gob.afirma.signfolder.server.proxy.RetrieveService.retrieveSign El fichero con el identificador 'J0bMMxnOH5ezMwwjJ87X' no existe: C:\Program Files\apache-tomcat-9.0.98\temp\J0bMMxnOH5ezMwwjJ87X
20-Mar-2025 22:26:26.341 INFO [https-openssl-nio-8080-exec-1] es.gob.afirma.signfolder.server.proxy.RetrieveService.service  == FIN RECUPERACION
20-Mar-2025 22:26:27.982 INFO [https-openssl-nio-8080-exec-4] es.gob.afirma.signfolder.server.proxy.RetrieveService.service  == INICIO RECUPERACION
20-Mar-2025 22:26:27.986 INFO [https-openssl-nio-8080-exec-4] es.gob.afirma.signfolder.server.proxy.RetrieveService.retrieveSign Se solicita el fichero con el identificador: NksOq1bFllSIfBFUOfRW
20-Mar-2025 22:26:27.986 WARNING [https-openssl-nio-8080-exec-4] es.gob.afirma.signfolder.server.proxy.RetrieveService.retrieveSign El fichero con el identificador 'NksOq1bFllSIfBFUOfRW' no existe: C:\Program Files\apache-tomcat-9.0.98\temp\NksOq1bFllSIfBFUOfRW
20-Mar-2025 22:26:27.986 INFO [https-openssl-nio-8080-exec-4] es.gob.afirma.signfolder.server.proxy.RetrieveService.service  == FIN RECUPERACION
20-Mar-2025 22:26:30.444 INFO [https-openssl-nio-8080-exec-7] es.gob.afirma.signfolder.server.proxy.RetrieveService.service  == INICIO RECUPERACION
20-Mar-2025 22:26:30.446 INFO [https-openssl-nio-8080-exec-7] es.gob.afirma.signfolder.server.proxy.RetrieveService.retrieveSign Se solicita el fichero con el identificador: J0bMMxnOH5ezMwwjJ87X
20-Mar-2025 22:26:30.447 WARNING [https-openssl-nio-8080-exec-7] es.gob.afirma.signfolder.server.proxy.RetrieveService.retrieveSign El fichero con el identificador 'J0bMMxnOH5ezMwwjJ87X' no existe: C:\Program Files\apache-tomcat-9.0.98\temp\J0bMMxnOH5ezMwwjJ87X
20-Mar-2025 22:26:30.449 INFO [https-openssl-nio-8080-exec-7] es.gob.afirma.signfolder.server.proxy.RetrieveService.service  == FIN RECUPERACION
20-Mar-2025 22:26:32.188 INFO [https-openssl-nio-8080-exec-10] es.gob.afirma.signfolder.server.proxy.RetrieveService.service  == INICIO RECUPERACION
20-Mar-2025 22:26:32.188 INFO [https-openssl-nio-8080-exec-10] es.gob.afirma.signfolder.server.proxy.RetrieveService.retrieveSign Se solicita el fichero con el identificador: NksOq1bFllSIfBFUOfRW
20-Mar-2025 22:26:32.188 WARNING [https-openssl-nio-8080-exec-10] es.gob.afirma.signfolder.server.proxy.RetrieveService.retrieveSign El fichero con el identificador 'NksOq1bFllSIfBFUOfRW' no existe: C:\Program Files\apache-tomcat-9.0.98\temp\NksOq1bFllSIfBFUOfRW
20-Mar-2025 22:26:32.188 INFO [https-openssl-nio-8080-exec-10] es.gob.afirma.signfolder.server.proxy.RetrieveService.service  == FIN RECUPERACION
20-Mar-2025 22:26:34.491 INFO [https-openssl-nio-8080-exec-2] es.gob.afirma.signfolder.server.proxy.RetrieveService.service  == INICIO RECUPERACION
20-Mar-2025 22:26:34.491 INFO [https-openssl-nio-8080-exec-2] es.gob.afirma.signfolder.server.proxy.RetrieveService.retrieveSign Se solicita el fichero con el identificador: J0bMMxnOH5ezMwwjJ87X
20-Mar-2025 22:26:34.491 WARNING [https-openssl-nio-8080-exec-2] es.gob.afirma.signfolder.server.proxy.RetrieveService.retrieveSign El fichero con el identificador 'J0bMMxnOH5ezMwwjJ87X' no existe: C:\Program Files\apache-tomcat-9.0.98\temp\J0bMMxnOH5ezMwwjJ87X
20-Mar-2025 22:26:34.491 INFO [https-openssl-nio-8080-exec-2] es.gob.afirma.signfolder.server.proxy.RetrieveService.service  == FIN RECUPERACION
20-Mar-2025 22:35:19.140 INFO [https-openssl-nio-8080-exec-6] es.gob.afirma.signfolder.server.proxy.StorageService.service  == INICIO GUARDADO
20-Mar-2025 22:35:19.140 WARNING [https-openssl-nio-8080-exec-6] es.gob.afirma.signfolder.server.proxy.StorageService.service No se ha indicado codigo de operacion
20-Mar-2025 22:36:19.289 INFO [https-openssl-nio-8080-exec-9] es.gob.afirma.signfolder.server.proxy.StorageService.service  == INICIO GUARDADO
20-Mar-2025 22:36:19.297 WARNING [https-openssl-nio-8080-exec-9] es.gob.afirma.signfolder.server.proxy.StorageService.service No se ha indicado codigo de operacion
20-Mar-2025 22:36:32.505 INFO [https-openssl-nio-8080-exec-3] es.gob.afirma.signfolder.server.proxy.StorageService.service  == INICIO GUARDADO
20-Mar-2025 22:36:32.512 WARNING [https-openssl-nio-8080-exec-3] es.gob.afirma.signfolder.server.proxy.StorageService.service No se ha indicado codigo de operacion
20-Mar-2025 22:36:40.449 INFO [https-openssl-nio-8080-exec-5] es.gob.afirma.signfolder.server.proxy.StorageService.service  == INICIO GUARDADO
20-Mar-2025 22:36:40.449 WARNING [https-openssl-nio-8080-exec-5] es.gob.afirma.signfolder.server.proxy.StorageService.service No se ha indicado codigo de operacion
20-Mar-2025 22:37:59.023 INFO [main] org.apache.catalina.startup.VersionLoggerListener.log Nombre de la versión del servidor: Apache Tomcat/9.0.98
20-Mar-2025 22:37:59.031 INFO [main] org.apache.catalina.startup.VersionLoggerListener.log Server built:                      Dec 5 2024 19:50:29 UTC
20-Mar-2025 22:37:59.032 INFO [main] org.apache.catalina.startup.VersionLoggerListener.log Número de versión de servidor:     9.0.98.0
20-Mar-2025 22:37:59.032 INFO [main] org.apache.catalina.startup.VersionLoggerListener.log OS Name:                           Windows 11
20-Mar-2025 22:37:59.033 INFO [main] org.apache.catalina.startup.VersionLoggerListener.log Versión de Systema Operativo:      10.0
20-Mar-2025 22:37:59.033 INFO [main] org.apache.catalina.startup.VersionLoggerListener.log Arquitectura:                      amd64
20-Mar-2025 22:37:59.033 INFO [main] org.apache.catalina.startup.VersionLoggerListener.log Java Home:                         C:\Program Files\Java\jdk-21
20-Mar-2025 22:37:59.033 INFO [main] org.apache.catalina.startup.VersionLoggerListener.log JVM Version:                       21.0.5+9-LTS-239
20-Mar-2025 22:37:59.034 INFO [main] org.apache.catalina.startup.VersionLoggerListener.log Vededor JVM:                       Oracle Corporation
20-Mar-2025 22:37:59.034 INFO [main] org.apache.catalina.startup.VersionLoggerListener.log CATALINA_BASE:                     C:\Program Files\apache-tomcat-9.0.98
20-Mar-2025 22:37:59.034 INFO [main] org.apache.catalina.startup.VersionLoggerListener.log CATALINA_HOME:                     C:\Program Files\apache-tomcat-9.0.98
20-Mar-2025 22:37:59.051 INFO [main] org.apache.catalina.startup.VersionLoggerListener.log Command line argument:             --add-opens=java.base/java.lang=ALL-UNNAMED
20-Mar-2025 22:37:59.052 INFO [main] org.apache.catalina.startup.VersionLoggerListener.log Command line argument:             --add-opens=java.base/java.io=ALL-UNNAMED
20-Mar-2025 22:37:59.052 INFO [main] org.apache.catalina.startup.VersionLoggerListener.log Command line argument:             --add-opens=java.base/java.util=ALL-UNNAMED
20-Mar-2025 22:37:59.052 INFO [main] org.apache.catalina.startup.VersionLoggerListener.log Command line argument:             --add-opens=java.base/java.util.concurrent=ALL-UNNAMED
20-Mar-2025 22:37:59.053 INFO [main] org.apache.catalina.startup.VersionLoggerListener.log Command line argument:             --add-opens=java.rmi/sun.rmi.transport=ALL-UNNAMED
20-Mar-2025 22:37:59.053 INFO [main] org.apache.catalina.startup.VersionLoggerListener.log Command line argument:             -Djava.util.logging.config.file=C:\Program Files\apache-tomcat-9.0.98\conf\logging.properties
20-Mar-2025 22:37:59.053 INFO [main] org.apache.catalina.startup.VersionLoggerListener.log Command line argument:             -Djava.util.logging.manager=org.apache.juli.ClassLoaderLogManager
20-Mar-2025 22:37:59.054 INFO [main] org.apache.catalina.startup.VersionLoggerListener.log Command line argument:             -Djdk.tls.ephemeralDHKeySize=2048
20-Mar-2025 22:37:59.054 INFO [main] org.apache.catalina.startup.VersionLoggerListener.log Command line argument:             -Djava.protocol.handler.pkgs=org.apache.catalina.webresources
20-Mar-2025 22:37:59.055 INFO [main] org.apache.catalina.startup.VersionLoggerListener.log Command line argument:             -Dignore.endorsed.dirs=
20-Mar-2025 22:37:59.055 INFO [main] org.apache.catalina.startup.VersionLoggerListener.log Command line argument:             -Dcatalina.base=C:\Program Files\apache-tomcat-9.0.98
20-Mar-2025 22:37:59.056 INFO [main] org.apache.catalina.startup.VersionLoggerListener.log Command line argument:             -Dcatalina.home=C:\Program Files\apache-tomcat-9.0.98
20-Mar-2025 22:37:59.056 INFO [main] org.apache.catalina.startup.VersionLoggerListener.log Command line argument:             -Djava.io.tmpdir=C:\Program Files\apache-tomcat-9.0.98\temp
20-Mar-2025 22:37:59.062 INFO [main] org.apache.catalina.core.AprLifecycleListener.lifecycleEvent Cargada la biblioteca nativa APR de Apache Tomcat [1.3.1] con la versión APR [1.7.4].
20-Mar-2025 22:37:59.062 INFO [main] org.apache.catalina.core.AprLifecycleListener.lifecycleEvent Capacidades APR: IPv6 [true], enviar fichero [true], aceptar filtros [false], aleatorio [true], UDS [true].
20-Mar-2025 22:37:59.063 INFO [main] org.apache.catalina.core.AprLifecycleListener.lifecycleEvent APR/OpenSSL configuration: useAprConnector [false], useOpenSSL [true]
20-Mar-2025 22:37:59.074 INFO [main] org.apache.catalina.core.AprLifecycleListener.initializeSSL OpenSSL inicializado correctamente [OpenSSL 3.0.14 4 Jun 2024]
20-Mar-2025 22:37:59.576 INFO [main] org.apache.coyote.AbstractProtocol.init Inicializando el manejador de protocolo ["https-openssl-nio-8080"]

20-Mar-2025 22:38:00.069 INFO [main] org.apache.tomcat.util.net.AbstractEndpoint.logCertificate Connector [https-openssl-nio-8080], TLS virtual host [_default_], certificate type [UNDEFINED] configured from keystore [C:\Users\Cris-SX\Desktop\UA\TFG\CERTIFICADOS\server.keystore] using alias [tomcat] with trust store [null]
20-Mar-2025 22:38:00.087 INFO [main] org.apache.catalina.startup.Catalina.load Server initialization in [1388] milliseconds
20-Mar-2025 22:38:00.215 INFO [main] org.apache.catalina.core.StandardService.startInternal Arrancando servicio [Catalina]
20-Mar-2025 22:38:00.215 INFO [main] org.apache.catalina.core.StandardEngine.startInternal Starting Servlet engine: [Apache Tomcat/9.0.98]
20-Mar-2025 22:38:00.258 INFO [main] org.apache.catalina.startup.HostConfig.deployWAR Despliegue del archivo [C:\Program Files\apache-tomcat-9.0.98\webapps\vital-sanity#afirma-signature-retriever.war] de la aplicación web
20-Mar-2025 22:38:00.749 INFO [main] org.apache.catalina.startup.HostConfig.deployWAR Deployment of web application archive [C:\Program Files\apache-tomcat-9.0.98\webapps\vital-sanity#afirma-signature-retriever.war] has finished in [484] ms
20-Mar-2025 22:38:00.751 INFO [main] org.apache.catalina.startup.HostConfig.deployWAR Despliegue del archivo [C:\Program Files\apache-tomcat-9.0.98\webapps\vital-sanity#afirma-signature-storage.war] de la aplicación web
20-Mar-2025 22:38:00.818 INFO [main] org.apache.catalina.startup.HostConfig.deployWAR Deployment of web application archive [C:\Program Files\apache-tomcat-9.0.98\webapps\vital-sanity#afirma-signature-storage.war] has finished in [67] ms
20-Mar-2025 22:38:00.818 INFO [main] org.apache.catalina.startup.HostConfig.deployDirectory Desplegando el directorio [C:\Program Files\apache-tomcat-9.0.98\webapps\afirma-signature-retriever] de la aplicación web
20-Mar-2025 22:38:00.887 INFO [main] org.apache.catalina.startup.HostConfig.deployDirectory Deployment of web application directory [C:\Program Files\apache-tomcat-9.0.98\webapps\afirma-signature-retriever] has finished in [69] ms
20-Mar-2025 22:38:00.888 INFO [main] org.apache.catalina.startup.HostConfig.deployDirectory Desplegando el directorio [C:\Program Files\apache-tomcat-9.0.98\webapps\afirma-signature-storage] de la aplicación web
20-Mar-2025 22:38:00.949 INFO [main] org.apache.catalina.startup.HostConfig.deployDirectory Deployment of web application directory [C:\Program Files\apache-tomcat-9.0.98\webapps\afirma-signature-storage] has finished in [61] ms
20-Mar-2025 22:38:00.949 INFO [main] org.apache.catalina.startup.HostConfig.deployDirectory Desplegando el directorio [C:\Program Files\apache-tomcat-9.0.98\webapps\docs] de la aplicación web
20-Mar-2025 22:38:00.987 INFO [main] org.apache.catalina.startup.HostConfig.deployDirectory Deployment of web application directory [C:\Program Files\apache-tomcat-9.0.98\webapps\docs] has finished in [38] ms
20-Mar-2025 22:38:00.995 INFO [main] org.apache.catalina.startup.HostConfig.deployDirectory Desplegando el directorio [C:\Program Files\apache-tomcat-9.0.98\webapps\examples] de la aplicación web
20-Mar-2025 22:38:01.604 INFO [main] org.apache.catalina.startup.HostConfig.deployDirectory Deployment of web application directory [C:\Program Files\apache-tomcat-9.0.98\webapps\examples] has finished in [617] ms
20-Mar-2025 22:38:01.604 INFO [main] org.apache.catalina.startup.HostConfig.deployDirectory Desplegando el directorio [C:\Program Files\apache-tomcat-9.0.98\webapps\host-manager] de la aplicación web
20-Mar-2025 22:38:01.657 INFO [main] org.apache.catalina.startup.HostConfig.deployDirectory Deployment of web application directory [C:\Program Files\apache-tomcat-9.0.98\webapps\host-manager] has finished in [53] ms
20-Mar-2025 22:38:01.657 INFO [main] org.apache.catalina.startup.HostConfig.deployDirectory Desplegando el directorio [C:\Program Files\apache-tomcat-9.0.98\webapps\manager] de la aplicación web
20-Mar-2025 22:38:01.706 INFO [main] org.apache.catalina.startup.HostConfig.deployDirectory Deployment of web application directory [C:\Program Files\apache-tomcat-9.0.98\webapps\manager] has finished in [49] ms
20-Mar-2025 22:38:01.706 INFO [main] org.apache.catalina.startup.HostConfig.deployDirectory Desplegando el directorio [C:\Program Files\apache-tomcat-9.0.98\webapps\ROOT] de la aplicación web
20-Mar-2025 22:38:01.745 INFO [main] org.apache.catalina.startup.HostConfig.deployDirectory Deployment of web application directory [C:\Program Files\apache-tomcat-9.0.98\webapps\ROOT] has finished in [39] ms
20-Mar-2025 22:38:01.751 INFO [main] org.apache.coyote.AbstractProtocol.start Starting ProtocolHandler ["https-openssl-nio-8080"]
20-Mar-2025 22:38:01.770 INFO [main] org.apache.catalina.startup.Catalina.start Server startup in [1687] milliseconds
20-Mar-2025 22:38:56.928 INFO [https-openssl-nio-8080-exec-4] es.gob.afirma.signfolder.server.proxy.RetrieveService.service  == INICIO RECUPERACION
20-Mar-2025 22:38:56.935 INFO [https-openssl-nio-8080-exec-4] es.gob.afirma.signfolder.server.proxy.RetrieveService.retrieveSign Se solicita el fichero con el identificador: Z4KJOQ4sGn3t1uiB8EJW
20-Mar-2025 22:38:56.941 INFO [https-openssl-nio-8080-exec-4] es.gob.afirma.signfolder.server.proxy.RetrieveConfig.<clinit> Se carga el fichero de configuracion del classpath
20-Mar-2025 22:38:56.944 INFO [https-openssl-nio-8080-exec-4] es.gob.afirma.signfolder.server.proxy.RetrieveConfig.<clinit> No se ha indicado un direcctorio temporal, se usara el por defecto del sistema
20-Mar-2025 22:38:56.945 WARNING [https-openssl-nio-8080-exec-4] es.gob.afirma.signfolder.server.proxy.RetrieveService.retrieveSign El fichero con el identificador 'Z4KJOQ4sGn3t1uiB8EJW' no existe: C:\Program Files\apache-tomcat-9.0.98\temp\Z4KJOQ4sGn3t1uiB8EJW
20-Mar-2025 22:38:56.949 INFO [https-openssl-nio-8080-exec-4] es.gob.afirma.signfolder.server.proxy.RetrieveService.service  == FIN RECUPERACION
20-Mar-2025 22:39:00.988 INFO [https-openssl-nio-8080-exec-6] es.gob.afirma.signfolder.server.proxy.RetrieveService.service  == INICIO RECUPERACION
20-Mar-2025 22:39:00.989 INFO [https-openssl-nio-8080-exec-6] es.gob.afirma.signfolder.server.proxy.RetrieveService.retrieveSign Se solicita el fichero con el identificador: Z4KJOQ4sGn3t1uiB8EJW
20-Mar-2025 22:39:00.990 WARNING [https-openssl-nio-8080-exec-6] es.gob.afirma.signfolder.server.proxy.RetrieveService.retrieveSign El fichero con el identificador 'Z4KJOQ4sGn3t1uiB8EJW' no existe: C:\Program Files\apache-tomcat-9.0.98\temp\Z4KJOQ4sGn3t1uiB8EJW
20-Mar-2025 22:39:00.992 INFO [https-openssl-nio-8080-exec-6] es.gob.afirma.signfolder.server.proxy.RetrieveService.service  == FIN RECUPERACION
20-Mar-2025 22:39:05.164 INFO [https-openssl-nio-8080-exec-9] es.gob.afirma.signfolder.server.proxy.RetrieveService.service  == INICIO RECUPERACION
20-Mar-2025 22:39:05.164 INFO [https-openssl-nio-8080-exec-9] es.gob.afirma.signfolder.server.proxy.RetrieveService.retrieveSign Se solicita el fichero con el identificador: Z4KJOQ4sGn3t1uiB8EJW
20-Mar-2025 22:39:05.165 WARNING [https-openssl-nio-8080-exec-9] es.gob.afirma.signfolder.server.proxy.RetrieveService.retrieveSign El fichero con el identificador 'Z4KJOQ4sGn3t1uiB8EJW' no existe: C:\Program Files\apache-tomcat-9.0.98\temp\Z4KJOQ4sGn3t1uiB8EJW
20-Mar-2025 22:39:05.166 INFO [https-openssl-nio-8080-exec-9] es.gob.afirma.signfolder.server.proxy.RetrieveService.service  == FIN RECUPERACION
20-Mar-2025 22:39:09.250 INFO [https-openssl-nio-8080-exec-2] es.gob.afirma.signfolder.server.proxy.RetrieveService.service  == INICIO RECUPERACION
20-Mar-2025 22:39:09.251 INFO [https-openssl-nio-8080-exec-2] es.gob.afirma.signfolder.server.proxy.RetrieveService.retrieveSign Se solicita el fichero con el identificador: Z4KJOQ4sGn3t1uiB8EJW
20-Mar-2025 22:39:09.252 WARNING [https-openssl-nio-8080-exec-2] es.gob.afirma.signfolder.server.proxy.RetrieveService.retrieveSign El fichero con el identificador 'Z4KJOQ4sGn3t1uiB8EJW' no existe: C:\Program Files\apache-tomcat-9.0.98\temp\Z4KJOQ4sGn3t1uiB8EJW
20-Mar-2025 22:39:09.252 INFO [https-openssl-nio-8080-exec-2] es.gob.afirma.signfolder.server.proxy.RetrieveService.service  == FIN RECUPERACION
20-Mar-2025 22:39:14.261 INFO [https-openssl-nio-8080-exec-3] es.gob.afirma.signfolder.server.proxy.RetrieveService.service  == INICIO RECUPERACION
20-Mar-2025 22:39:14.263 INFO [https-openssl-nio-8080-exec-3] es.gob.afirma.signfolder.server.proxy.RetrieveService.retrieveSign Se solicita el fichero con el identificador: Z4KJOQ4sGn3t1uiB8EJW
20-Mar-2025 22:39:14.263 WARNING [https-openssl-nio-8080-exec-3] es.gob.afirma.signfolder.server.proxy.RetrieveService.retrieveSign El fichero con el identificador 'Z4KJOQ4sGn3t1uiB8EJW' no existe: C:\Program Files\apache-tomcat-9.0.98\temp\Z4KJOQ4sGn3t1uiB8EJW
20-Mar-2025 22:39:14.264 INFO [https-openssl-nio-8080-exec-3] es.gob.afirma.signfolder.server.proxy.RetrieveService.service  == FIN RECUPERACION
20-Mar-2025 22:39:19.050 INFO [https-openssl-nio-8080-exec-8] es.gob.afirma.signfolder.server.proxy.RetrieveService.service  == INICIO RECUPERACION
20-Mar-2025 22:39:19.052 INFO [https-openssl-nio-8080-exec-8] es.gob.afirma.signfolder.server.proxy.RetrieveService.retrieveSign Se solicita el fichero con el identificador: Z4KJOQ4sGn3t1uiB8EJW
20-Mar-2025 22:39:19.052 WARNING [https-openssl-nio-8080-exec-8] es.gob.afirma.signfolder.server.proxy.RetrieveService.retrieveSign El fichero con el identificador 'Z4KJOQ4sGn3t1uiB8EJW' no existe: C:\Program Files\apache-tomcat-9.0.98\temp\Z4KJOQ4sGn3t1uiB8EJW
20-Mar-2025 22:39:19.053 INFO [https-openssl-nio-8080-exec-8] es.gob.afirma.signfolder.server.proxy.RetrieveService.service  == FIN RECUPERACION
20-Mar-2025 22:39:24.104 INFO [https-openssl-nio-8080-exec-1] es.gob.afirma.signfolder.server.proxy.RetrieveService.service  == INICIO RECUPERACION
20-Mar-2025 22:39:24.105 INFO [https-openssl-nio-8080-exec-1] es.gob.afirma.signfolder.server.proxy.RetrieveService.retrieveSign Se solicita el fichero con el identificador: Z4KJOQ4sGn3t1uiB8EJW
20-Mar-2025 22:39:24.106 WARNING [https-openssl-nio-8080-exec-1] es.gob.afirma.signfolder.server.proxy.RetrieveService.retrieveSign El fichero con el identificador 'Z4KJOQ4sGn3t1uiB8EJW' no existe: C:\Program Files\apache-tomcat-9.0.98\temp\Z4KJOQ4sGn3t1uiB8EJW
20-Mar-2025 22:39:24.107 INFO [https-openssl-nio-8080-exec-1] es.gob.afirma.signfolder.server.proxy.RetrieveService.service  == FIN RECUPERACION
20-Mar-2025 22:39:29.037 INFO [https-openssl-nio-8080-exec-5] es.gob.afirma.signfolder.server.proxy.RetrieveService.service  == INICIO RECUPERACION
20-Mar-2025 22:39:29.038 INFO [https-openssl-nio-8080-exec-5] es.gob.afirma.signfolder.server.proxy.RetrieveService.retrieveSign Se solicita el fichero con el identificador: Z4KJOQ4sGn3t1uiB8EJW
20-Mar-2025 22:39:29.038 WARNING [https-openssl-nio-8080-exec-5] es.gob.afirma.signfolder.server.proxy.RetrieveService.retrieveSign El fichero con el identificador 'Z4KJOQ4sGn3t1uiB8EJW' no existe: C:\Program Files\apache-tomcat-9.0.98\temp\Z4KJOQ4sGn3t1uiB8EJW
20-Mar-2025 22:39:29.039 INFO [https-openssl-nio-8080-exec-5] es.gob.afirma.signfolder.server.proxy.RetrieveService.service  == FIN RECUPERACION
20-Mar-2025 22:39:34.257 INFO [https-openssl-nio-8080-exec-7] es.gob.afirma.signfolder.server.proxy.RetrieveService.service  == INICIO RECUPERACION
20-Mar-2025 22:39:34.257 INFO [https-openssl-nio-8080-exec-7] es.gob.afirma.signfolder.server.proxy.RetrieveService.retrieveSign Se solicita el fichero con el identificador: Z4KJOQ4sGn3t1uiB8EJW
20-Mar-2025 22:39:34.257 WARNING [https-openssl-nio-8080-exec-7] es.gob.afirma.signfolder.server.proxy.RetrieveService.retrieveSign El fichero con el identificador 'Z4KJOQ4sGn3t1uiB8EJW' no existe: C:\Program Files\apache-tomcat-9.0.98\temp\Z4KJOQ4sGn3t1uiB8EJW
20-Mar-2025 22:39:34.257 INFO [https-openssl-nio-8080-exec-7] es.gob.afirma.signfolder.server.proxy.RetrieveService.service  == FIN RECUPERACION
20-Mar-2025 22:39:39.052 INFO [https-openssl-nio-8080-exec-10] es.gob.afirma.signfolder.server.proxy.RetrieveService.service  == INICIO RECUPERACION
20-Mar-2025 22:39:39.052 INFO [https-openssl-nio-8080-exec-10] es.gob.afirma.signfolder.server.proxy.RetrieveService.retrieveSign Se solicita el fichero con el identificador: Z4KJOQ4sGn3t1uiB8EJW
20-Mar-2025 22:39:39.052 WARNING [https-openssl-nio-8080-exec-10] es.gob.afirma.signfolder.server.proxy.RetrieveService.retrieveSign El fichero con el identificador 'Z4KJOQ4sGn3t1uiB8EJW' no existe: C:\Program Files\apache-tomcat-9.0.98\temp\Z4KJOQ4sGn3t1uiB8EJW
20-Mar-2025 22:39:39.052 INFO [https-openssl-nio-8080-exec-10] es.gob.afirma.signfolder.server.proxy.RetrieveService.service  == FIN RECUPERACION
20-Mar-2025 22:39:44.095 INFO [https-openssl-nio-8080-exec-4] es.gob.afirma.signfolder.server.proxy.RetrieveService.service  == INICIO RECUPERACION
20-Mar-2025 22:39:44.095 INFO [https-openssl-nio-8080-exec-4] es.gob.afirma.signfolder.server.proxy.RetrieveService.retrieveSign Se solicita el fichero con el identificador: Z4KJOQ4sGn3t1uiB8EJW
20-Mar-2025 22:39:44.095 WARNING [https-openssl-nio-8080-exec-4] es.gob.afirma.signfolder.server.proxy.RetrieveService.retrieveSign El fichero con el identificador 'Z4KJOQ4sGn3t1uiB8EJW' no existe: C:\Program Files\apache-tomcat-9.0.98\temp\Z4KJOQ4sGn3t1uiB8EJW
20-Mar-2025 22:39:44.100 INFO [https-openssl-nio-8080-exec-4] es.gob.afirma.signfolder.server.proxy.RetrieveService.service  == FIN RECUPERACION
20-Mar-2025 22:39:49.296 INFO [https-openssl-nio-8080-exec-9] es.gob.afirma.signfolder.server.proxy.RetrieveService.service  == INICIO RECUPERACION
20-Mar-2025 22:39:49.304 INFO [https-openssl-nio-8080-exec-9] es.gob.afirma.signfolder.server.proxy.RetrieveService.retrieveSign Se solicita el fichero con el identificador: Z4KJOQ4sGn3t1uiB8EJW
20-Mar-2025 22:39:49.306 WARNING [https-openssl-nio-8080-exec-9] es.gob.afirma.signfolder.server.proxy.RetrieveService.retrieveSign El fichero con el identificador 'Z4KJOQ4sGn3t1uiB8EJW' no existe: C:\Program Files\apache-tomcat-9.0.98\temp\Z4KJOQ4sGn3t1uiB8EJW
20-Mar-2025 22:39:49.306 INFO [https-openssl-nio-8080-exec-9] es.gob.afirma.signfolder.server.proxy.RetrieveService.service  == FIN RECUPERACION
20-Mar-2025 22:39:54.117 INFO [https-openssl-nio-8080-exec-2] es.gob.afirma.signfolder.server.proxy.RetrieveService.service  == INICIO RECUPERACION
20-Mar-2025 22:39:54.117 INFO [https-openssl-nio-8080-exec-2] es.gob.afirma.signfolder.server.proxy.RetrieveService.retrieveSign Se solicita el fichero con el identificador: Z4KJOQ4sGn3t1uiB8EJW
20-Mar-2025 22:39:54.126 WARNING [https-openssl-nio-8080-exec-2] es.gob.afirma.signfolder.server.proxy.RetrieveService.retrieveSign El fichero con el identificador 'Z4KJOQ4sGn3t1uiB8EJW' no existe: C:\Program Files\apache-tomcat-9.0.98\temp\Z4KJOQ4sGn3t1uiB8EJW
20-Mar-2025 22:39:54.126 INFO [https-openssl-nio-8080-exec-2] es.gob.afirma.signfolder.server.proxy.RetrieveService.service  == FIN RECUPERACION
20-Mar-2025 22:39:59.426 INFO [https-openssl-nio-8080-exec-3] es.gob.afirma.signfolder.server.proxy.RetrieveService.service  == INICIO RECUPERACION
20-Mar-2025 22:39:59.434 INFO [https-openssl-nio-8080-exec-3] es.gob.afirma.signfolder.server.proxy.RetrieveService.retrieveSign Se solicita el fichero con el identificador: Z4KJOQ4sGn3t1uiB8EJW
20-Mar-2025 22:39:59.434 WARNING [https-openssl-nio-8080-exec-3] es.gob.afirma.signfolder.server.proxy.RetrieveService.retrieveSign El fichero con el identificador 'Z4KJOQ4sGn3t1uiB8EJW' no existe: C:\Program Files\apache-tomcat-9.0.98\temp\Z4KJOQ4sGn3t1uiB8EJW
20-Mar-2025 22:39:59.434 INFO [https-openssl-nio-8080-exec-3] es.gob.afirma.signfolder.server.proxy.RetrieveService.service  == FIN RECUPERACION
20-Mar-2025 22:40:03.103 INFO [https-openssl-nio-8080-exec-8] es.gob.afirma.signfolder.server.proxy.RetrieveService.service  == INICIO RECUPERACION
20-Mar-2025 22:40:03.104 WARNING [https-openssl-nio-8080-exec-8] es.gob.afirma.signfolder.server.proxy.RetrieveService.service ERR-00:=No se ha indicado código de operación
20-Mar-2025 22:40:05.223 INFO [https-openssl-nio-8080-exec-1] es.gob.afirma.signfolder.server.proxy.RetrieveService.service  == INICIO RECUPERACION
20-Mar-2025 22:40:05.231 INFO [https-openssl-nio-8080-exec-1] es.gob.afirma.signfolder.server.proxy.RetrieveService.retrieveSign Se solicita el fichero con el identificador: Z4KJOQ4sGn3t1uiB8EJW
20-Mar-2025 22:40:05.231 WARNING [https-openssl-nio-8080-exec-1] es.gob.afirma.signfolder.server.proxy.RetrieveService.retrieveSign El fichero con el identificador 'Z4KJOQ4sGn3t1uiB8EJW' no existe: C:\Program Files\apache-tomcat-9.0.98\temp\Z4KJOQ4sGn3t1uiB8EJW
20-Mar-2025 22:40:05.233 INFO [https-openssl-nio-8080-exec-1] es.gob.afirma.signfolder.server.proxy.RetrieveService.service  == FIN RECUPERACION
20-Mar-2025 22:40:09.186 INFO [https-openssl-nio-8080-exec-5] es.gob.afirma.signfolder.server.proxy.RetrieveService.service  == INICIO RECUPERACION
20-Mar-2025 22:40:09.188 WARNING [https-openssl-nio-8080-exec-5] es.gob.afirma.signfolder.server.proxy.RetrieveService.service ERR-00:=No se ha indicado código de operación
20-Mar-2025 22:40:10.188 INFO [https-openssl-nio-8080-exec-7] es.gob.afirma.signfolder.server.proxy.RetrieveService.service  == INICIO RECUPERACION
20-Mar-2025 22:40:10.188 INFO [https-openssl-nio-8080-exec-7] es.gob.afirma.signfolder.server.proxy.RetrieveService.retrieveSign Se solicita el fichero con el identificador: Z4KJOQ4sGn3t1uiB8EJW
20-Mar-2025 22:40:10.188 WARNING [https-openssl-nio-8080-exec-7] es.gob.afirma.signfolder.server.proxy.RetrieveService.retrieveSign El fichero con el identificador 'Z4KJOQ4sGn3t1uiB8EJW' no existe: C:\Program Files\apache-tomcat-9.0.98\temp\Z4KJOQ4sGn3t1uiB8EJW
20-Mar-2025 22:40:10.188 INFO [https-openssl-nio-8080-exec-7] es.gob.afirma.signfolder.server.proxy.RetrieveService.service  == FIN RECUPERACION
20-Mar-2025 23:31:05.113 INFO [main] org.apache.catalina.startup.VersionLoggerListener.log Nombre de la versión del servidor: Apache Tomcat/9.0.98
20-Mar-2025 23:31:05.120 INFO [main] org.apache.catalina.startup.VersionLoggerListener.log Server built:                      Dec 5 2024 19:50:29 UTC
20-Mar-2025 23:31:05.120 INFO [main] org.apache.catalina.startup.VersionLoggerListener.log Número de versión de servidor:     9.0.98.0
20-Mar-2025 23:31:05.120 INFO [main] org.apache.catalina.startup.VersionLoggerListener.log OS Name:                           Windows 11
20-Mar-2025 23:31:05.120 INFO [main] org.apache.catalina.startup.VersionLoggerListener.log Versión de Systema Operativo:      10.0
20-Mar-2025 23:31:05.122 INFO [main] org.apache.catalina.startup.VersionLoggerListener.log Arquitectura:                      amd64
20-Mar-2025 23:31:05.122 INFO [main] org.apache.catalina.startup.VersionLoggerListener.log Java Home:                         C:\Program Files\Java\jdk-21
20-Mar-2025 23:31:05.122 INFO [main] org.apache.catalina.startup.VersionLoggerListener.log JVM Version:                       21.0.5+9-LTS-239
20-Mar-2025 23:31:05.122 INFO [main] org.apache.catalina.startup.VersionLoggerListener.log Vededor JVM:                       Oracle Corporation
20-Mar-2025 23:31:05.122 INFO [main] org.apache.catalina.startup.VersionLoggerListener.log CATALINA_BASE:                     C:\Program Files\apache-tomcat-9.0.98
20-Mar-2025 23:31:05.122 INFO [main] org.apache.catalina.startup.VersionLoggerListener.log CATALINA_HOME:                     C:\Program Files\apache-tomcat-9.0.98
20-Mar-2025 23:31:05.136 INFO [main] org.apache.catalina.startup.VersionLoggerListener.log Command line argument:             --add-opens=java.base/java.lang=ALL-UNNAMED
20-Mar-2025 23:31:05.136 INFO [main] org.apache.catalina.startup.VersionLoggerListener.log Command line argument:             --add-opens=java.base/java.io=ALL-UNNAMED
20-Mar-2025 23:31:05.136 INFO [main] org.apache.catalina.startup.VersionLoggerListener.log Command line argument:             --add-opens=java.base/java.util=ALL-UNNAMED
20-Mar-2025 23:31:05.136 INFO [main] org.apache.catalina.startup.VersionLoggerListener.log Command line argument:             --add-opens=java.base/java.util.concurrent=ALL-UNNAMED
20-Mar-2025 23:31:05.142 INFO [main] org.apache.catalina.startup.VersionLoggerListener.log Command line argument:             --add-opens=java.rmi/sun.rmi.transport=ALL-UNNAMED
20-Mar-2025 23:31:05.142 INFO [main] org.apache.catalina.startup.VersionLoggerListener.log Command line argument:             -Djava.util.logging.config.file=C:\Program Files\apache-tomcat-9.0.98\conf\logging.properties
20-Mar-2025 23:31:05.142 INFO [main] org.apache.catalina.startup.VersionLoggerListener.log Command line argument:             -Djava.util.logging.manager=org.apache.juli.ClassLoaderLogManager
20-Mar-2025 23:31:05.142 INFO [main] org.apache.catalina.startup.VersionLoggerListener.log Command line argument:             -Djdk.tls.ephemeralDHKeySize=2048
20-Mar-2025 23:31:05.142 INFO [main] org.apache.catalina.startup.VersionLoggerListener.log Command line argument:             -Djava.protocol.handler.pkgs=org.apache.catalina.webresources
20-Mar-2025 23:31:05.142 INFO [main] org.apache.catalina.startup.VersionLoggerListener.log Command line argument:             -Dignore.endorsed.dirs=
20-Mar-2025 23:31:05.142 INFO [main] org.apache.catalina.startup.VersionLoggerListener.log Command line argument:             -Dcatalina.base=C:\Program Files\apache-tomcat-9.0.98
20-Mar-2025 23:31:05.144 INFO [main] org.apache.catalina.startup.VersionLoggerListener.log Command line argument:             -Dcatalina.home=C:\Program Files\apache-tomcat-9.0.98
20-Mar-2025 23:31:05.144 INFO [main] org.apache.catalina.startup.VersionLoggerListener.log Command line argument:             -Djava.io.tmpdir=C:\Program Files\apache-tomcat-9.0.98\temp
20-Mar-2025 23:31:05.144 INFO [main] org.apache.catalina.core.AprLifecycleListener.lifecycleEvent Cargada la biblioteca nativa APR de Apache Tomcat [1.3.1] con la versión APR [1.7.4].
20-Mar-2025 23:31:05.144 INFO [main] org.apache.catalina.core.AprLifecycleListener.lifecycleEvent Capacidades APR: IPv6 [true], enviar fichero [true], aceptar filtros [false], aleatorio [true], UDS [true].
20-Mar-2025 23:31:05.144 INFO [main] org.apache.catalina.core.AprLifecycleListener.lifecycleEvent APR/OpenSSL configuration: useAprConnector [false], useOpenSSL [true]
20-Mar-2025 23:31:05.158 INFO [main] org.apache.catalina.core.AprLifecycleListener.initializeSSL OpenSSL inicializado correctamente [OpenSSL 3.0.14 4 Jun 2024]
20-Mar-2025 23:31:05.648 INFO [main] org.apache.coyote.AbstractProtocol.init Inicializando el manejador de protocolo ["https-openssl-nio-8080"]

20-Mar-2025 23:31:06.032 INFO [main] org.apache.tomcat.util.net.AbstractEndpoint.logCertificate Connector [https-openssl-nio-8080], TLS virtual host [_default_], certificate type [UNDEFINED] configured from keystore [C:\Users\Cris-SX\Desktop\UA\TFG\CERTIFICADOS\server.keystore] using alias [tomcat] with trust store [null]
20-Mar-2025 23:31:06.043 INFO [main] org.apache.catalina.startup.Catalina.load Server initialization in [1268] milliseconds
20-Mar-2025 23:31:06.136 INFO [main] org.apache.catalina.core.StandardService.startInternal Arrancando servicio [Catalina]
20-Mar-2025 23:31:06.141 INFO [main] org.apache.catalina.core.StandardEngine.startInternal Starting Servlet engine: [Apache Tomcat/9.0.98]
20-Mar-2025 23:31:06.170 INFO [main] org.apache.catalina.startup.HostConfig.deployWAR Despliegue del archivo [C:\Program Files\apache-tomcat-9.0.98\webapps\vital-sanity#afirma-signature-retriever.war] de la aplicación web
20-Mar-2025 23:31:06.704 INFO [main] org.apache.catalina.startup.HostConfig.deployWAR Deployment of web application archive [C:\Program Files\apache-tomcat-9.0.98\webapps\vital-sanity#afirma-signature-retriever.war] has finished in [531] ms
20-Mar-2025 23:31:06.706 INFO [main] org.apache.catalina.startup.HostConfig.deployWAR Despliegue del archivo [C:\Program Files\apache-tomcat-9.0.98\webapps\vital-sanity#afirma-signature-storage.war] de la aplicación web
20-Mar-2025 23:31:06.786 INFO [main] org.apache.catalina.startup.HostConfig.deployWAR Deployment of web application archive [C:\Program Files\apache-tomcat-9.0.98\webapps\vital-sanity#afirma-signature-storage.war] has finished in [77] ms
20-Mar-2025 23:31:06.786 INFO [main] org.apache.catalina.startup.HostConfig.deployDirectory Desplegando el directorio [C:\Program Files\apache-tomcat-9.0.98\webapps\afirma-signature-retriever] de la aplicación web
20-Mar-2025 23:31:06.860 INFO [main] org.apache.catalina.startup.HostConfig.deployDirectory Deployment of web application directory [C:\Program Files\apache-tomcat-9.0.98\webapps\afirma-signature-retriever] has finished in [74] ms
20-Mar-2025 23:31:06.860 INFO [main] org.apache.catalina.startup.HostConfig.deployDirectory Desplegando el directorio [C:\Program Files\apache-tomcat-9.0.98\webapps\afirma-signature-storage] de la aplicación web
20-Mar-2025 23:31:06.935 INFO [main] org.apache.catalina.startup.HostConfig.deployDirectory Deployment of web application directory [C:\Program Files\apache-tomcat-9.0.98\webapps\afirma-signature-storage] has finished in [75] ms
20-Mar-2025 23:31:06.935 INFO [main] org.apache.catalina.startup.HostConfig.deployDirectory Desplegando el directorio [C:\Program Files\apache-tomcat-9.0.98\webapps\docs] de la aplicación web
20-Mar-2025 23:31:06.983 INFO [main] org.apache.catalina.startup.HostConfig.deployDirectory Deployment of web application directory [C:\Program Files\apache-tomcat-9.0.98\webapps\docs] has finished in [48] ms
20-Mar-2025 23:31:06.983 INFO [main] org.apache.catalina.startup.HostConfig.deployDirectory Desplegando el directorio [C:\Program Files\apache-tomcat-9.0.98\webapps\examples] de la aplicación web
20-Mar-2025 23:31:07.608 INFO [main] org.apache.catalina.startup.HostConfig.deployDirectory Deployment of web application directory [C:\Program Files\apache-tomcat-9.0.98\webapps\examples] has finished in [625] ms
20-Mar-2025 23:31:07.608 INFO [main] org.apache.catalina.startup.HostConfig.deployDirectory Desplegando el directorio [C:\Program Files\apache-tomcat-9.0.98\webapps\host-manager] de la aplicación web
20-Mar-2025 23:31:07.666 INFO [main] org.apache.catalina.startup.HostConfig.deployDirectory Deployment of web application directory [C:\Program Files\apache-tomcat-9.0.98\webapps\host-manager] has finished in [58] ms
20-Mar-2025 23:31:07.666 INFO [main] org.apache.catalina.startup.HostConfig.deployDirectory Desplegando el directorio [C:\Program Files\apache-tomcat-9.0.98\webapps\manager] de la aplicación web
20-Mar-2025 23:31:07.729 INFO [main] org.apache.catalina.startup.HostConfig.deployDirectory Deployment of web application directory [C:\Program Files\apache-tomcat-9.0.98\webapps\manager] has finished in [63] ms
20-Mar-2025 23:31:07.733 INFO [main] org.apache.catalina.startup.HostConfig.deployDirectory Desplegando el directorio [C:\Program Files\apache-tomcat-9.0.98\webapps\ROOT] de la aplicación web
20-Mar-2025 23:31:07.769 INFO [main] org.apache.catalina.startup.HostConfig.deployDirectory Deployment of web application directory [C:\Program Files\apache-tomcat-9.0.98\webapps\ROOT] has finished in [36] ms
20-Mar-2025 23:31:07.775 INFO [main] org.apache.coyote.AbstractProtocol.start Starting ProtocolHandler ["https-openssl-nio-8080"]
20-Mar-2025 23:31:07.800 INFO [main] org.apache.catalina.startup.Catalina.start Server startup in [1752] milliseconds
20-Mar-2025 23:32:51.022 INFO [https-openssl-nio-8080-exec-3] es.gob.afirma.signfolder.server.proxy.RetrieveService.service  == INICIO RECUPERACION
20-Mar-2025 23:32:51.034 WARNING [https-openssl-nio-8080-exec-3] es.gob.afirma.signfolder.server.proxy.RetrieveService.service ERR-00:=No se ha indicado código de operación
20-Mar-2025 23:34:11.001 INFO [https-openssl-nio-8080-exec-6] es.gob.afirma.signfolder.server.proxy.RetrieveService.service  == INICIO RECUPERACION
20-Mar-2025 23:34:11.003 INFO [https-openssl-nio-8080-exec-6] es.gob.afirma.signfolder.server.proxy.RetrieveService.retrieveSign Se solicita el fichero con el identificador: a4aMqA70H7rYKNE6c61F
20-Mar-2025 23:34:11.008 INFO [https-openssl-nio-8080-exec-6] es.gob.afirma.signfolder.server.proxy.RetrieveConfig.<clinit> Se carga el fichero de configuracion del classpath
20-Mar-2025 23:34:11.011 INFO [https-openssl-nio-8080-exec-6] es.gob.afirma.signfolder.server.proxy.RetrieveConfig.<clinit> No se ha indicado un direcctorio temporal, se usara el por defecto del sistema
20-Mar-2025 23:34:11.011 WARNING [https-openssl-nio-8080-exec-6] es.gob.afirma.signfolder.server.proxy.RetrieveService.retrieveSign El fichero con el identificador 'a4aMqA70H7rYKNE6c61F' no existe: C:\Program Files\apache-tomcat-9.0.98\temp\a4aMqA70H7rYKNE6c61F
20-Mar-2025 23:34:11.013 INFO [https-openssl-nio-8080-exec-6] es.gob.afirma.signfolder.server.proxy.RetrieveService.service  == FIN RECUPERACION
20-Mar-2025 23:34:15.206 INFO [https-openssl-nio-8080-exec-9] es.gob.afirma.signfolder.server.proxy.RetrieveService.service  == INICIO RECUPERACION
20-Mar-2025 23:34:15.207 INFO [https-openssl-nio-8080-exec-9] es.gob.afirma.signfolder.server.proxy.RetrieveService.retrieveSign Se solicita el fichero con el identificador: GUfPglP7TC0GTujyCkwH
20-Mar-2025 23:34:15.208 WARNING [https-openssl-nio-8080-exec-9] es.gob.afirma.signfolder.server.proxy.RetrieveService.retrieveSign El fichero con el identificador 'GUfPglP7TC0GTujyCkwH' no existe: C:\Program Files\apache-tomcat-9.0.98\temp\GUfPglP7TC0GTujyCkwH
20-Mar-2025 23:34:15.209 INFO [https-openssl-nio-8080-exec-9] es.gob.afirma.signfolder.server.proxy.RetrieveService.service  == FIN RECUPERACION
20-Mar-2025 23:34:15.233 INFO [https-openssl-nio-8080-exec-2] es.gob.afirma.signfolder.server.proxy.RetrieveService.service  == INICIO RECUPERACION
20-Mar-2025 23:34:15.236 INFO [https-openssl-nio-8080-exec-2] es.gob.afirma.signfolder.server.proxy.RetrieveService.retrieveSign Se solicita el fichero con el identificador: a4aMqA70H7rYKNE6c61F
20-Mar-2025 23:34:15.238 WARNING [https-openssl-nio-8080-exec-2] es.gob.afirma.signfolder.server.proxy.RetrieveService.retrieveSign El fichero con el identificador 'a4aMqA70H7rYKNE6c61F' no existe: C:\Program Files\apache-tomcat-9.0.98\temp\a4aMqA70H7rYKNE6c61F
20-Mar-2025 23:34:15.239 INFO [https-openssl-nio-8080-exec-2] es.gob.afirma.signfolder.server.proxy.RetrieveService.service  == FIN RECUPERACION
20-Mar-2025 23:34:20.193 INFO [https-openssl-nio-8080-exec-5] es.gob.afirma.signfolder.server.proxy.RetrieveService.service  == INICIO RECUPERACION
20-Mar-2025 23:34:20.194 INFO [https-openssl-nio-8080-exec-5] es.gob.afirma.signfolder.server.proxy.RetrieveService.retrieveSign Se solicita el fichero con el identificador: GUfPglP7TC0GTujyCkwH
20-Mar-2025 23:34:20.194 WARNING [https-openssl-nio-8080-exec-5] es.gob.afirma.signfolder.server.proxy.RetrieveService.retrieveSign El fichero con el identificador 'GUfPglP7TC0GTujyCkwH' no existe: C:\Program Files\apache-tomcat-9.0.98\temp\GUfPglP7TC0GTujyCkwH
20-Mar-2025 23:34:20.195 INFO [https-openssl-nio-8080-exec-5] es.gob.afirma.signfolder.server.proxy.RetrieveService.service  == FIN RECUPERACION
20-Mar-2025 23:34:20.225 INFO [https-openssl-nio-8080-exec-8] es.gob.afirma.signfolder.server.proxy.RetrieveService.service  == INICIO RECUPERACION
20-Mar-2025 23:34:20.226 INFO [https-openssl-nio-8080-exec-8] es.gob.afirma.signfolder.server.proxy.RetrieveService.retrieveSign Se solicita el fichero con el identificador: a4aMqA70H7rYKNE6c61F
20-Mar-2025 23:34:20.227 WARNING [https-openssl-nio-8080-exec-8] es.gob.afirma.signfolder.server.proxy.RetrieveService.retrieveSign El fichero con el identificador 'a4aMqA70H7rYKNE6c61F' no existe: C:\Program Files\apache-tomcat-9.0.98\temp\a4aMqA70H7rYKNE6c61F
20-Mar-2025 23:34:20.228 INFO [https-openssl-nio-8080-exec-8] es.gob.afirma.signfolder.server.proxy.RetrieveService.service  == FIN RECUPERACION
20-Mar-2025 23:34:25.199 INFO [https-openssl-nio-8080-exec-1] es.gob.afirma.signfolder.server.proxy.RetrieveService.service  == INICIO RECUPERACION
20-Mar-2025 23:34:25.201 INFO [https-openssl-nio-8080-exec-1] es.gob.afirma.signfolder.server.proxy.RetrieveService.retrieveSign Se solicita el fichero con el identificador: GUfPglP7TC0GTujyCkwH
20-Mar-2025 23:34:25.202 WARNING [https-openssl-nio-8080-exec-1] es.gob.afirma.signfolder.server.proxy.RetrieveService.retrieveSign El fichero con el identificador 'GUfPglP7TC0GTujyCkwH' no existe: C:\Program Files\apache-tomcat-9.0.98\temp\GUfPglP7TC0GTujyCkwH
20-Mar-2025 23:34:25.203 INFO [https-openssl-nio-8080-exec-1] es.gob.afirma.signfolder.server.proxy.RetrieveService.service  == FIN RECUPERACION
20-Mar-2025 23:34:25.305 INFO [https-openssl-nio-8080-exec-4] es.gob.afirma.signfolder.server.proxy.RetrieveService.service  == INICIO RECUPERACION
20-Mar-2025 23:34:25.307 INFO [https-openssl-nio-8080-exec-4] es.gob.afirma.signfolder.server.proxy.RetrieveService.retrieveSign Se solicita el fichero con el identificador: a4aMqA70H7rYKNE6c61F
20-Mar-2025 23:34:25.308 WARNING [https-openssl-nio-8080-exec-4] es.gob.afirma.signfolder.server.proxy.RetrieveService.retrieveSign El fichero con el identificador 'a4aMqA70H7rYKNE6c61F' no existe: C:\Program Files\apache-tomcat-9.0.98\temp\a4aMqA70H7rYKNE6c61F
20-Mar-2025 23:34:25.309 INFO [https-openssl-nio-8080-exec-4] es.gob.afirma.signfolder.server.proxy.RetrieveService.service  == FIN RECUPERACION
20-Mar-2025 23:34:30.509 INFO [https-openssl-nio-8080-exec-7] es.gob.afirma.signfolder.server.proxy.RetrieveService.service  == INICIO RECUPERACION
20-Mar-2025 23:34:30.510 INFO [https-openssl-nio-8080-exec-7] es.gob.afirma.signfolder.server.proxy.RetrieveService.retrieveSign Se solicita el fichero con el identificador: GUfPglP7TC0GTujyCkwH
20-Mar-2025 23:34:30.511 WARNING [https-openssl-nio-8080-exec-7] es.gob.afirma.signfolder.server.proxy.RetrieveService.retrieveSign El fichero con el identificador 'GUfPglP7TC0GTujyCkwH' no existe: C:\Program Files\apache-tomcat-9.0.98\temp\GUfPglP7TC0GTujyCkwH
20-Mar-2025 23:34:30.512 INFO [https-openssl-nio-8080-exec-7] es.gob.afirma.signfolder.server.proxy.RetrieveService.service  == FIN RECUPERACION
20-Mar-2025 23:34:30.544 INFO [https-openssl-nio-8080-exec-10] es.gob.afirma.signfolder.server.proxy.RetrieveService.service  == INICIO RECUPERACION
20-Mar-2025 23:34:30.545 INFO [https-openssl-nio-8080-exec-10] es.gob.afirma.signfolder.server.proxy.RetrieveService.retrieveSign Se solicita el fichero con el identificador: a4aMqA70H7rYKNE6c61F
20-Mar-2025 23:34:30.545 WARNING [https-openssl-nio-8080-exec-10] es.gob.afirma.signfolder.server.proxy.RetrieveService.retrieveSign El fichero con el identificador 'a4aMqA70H7rYKNE6c61F' no existe: C:\Program Files\apache-tomcat-9.0.98\temp\a4aMqA70H7rYKNE6c61F
20-Mar-2025 23:34:30.546 INFO [https-openssl-nio-8080-exec-10] es.gob.afirma.signfolder.server.proxy.RetrieveService.service  == FIN RECUPERACION
20-Mar-2025 23:34:35.245 INFO [https-openssl-nio-8080-exec-3] es.gob.afirma.signfolder.server.proxy.RetrieveService.service  == INICIO RECUPERACION
20-Mar-2025 23:34:35.246 INFO [https-openssl-nio-8080-exec-3] es.gob.afirma.signfolder.server.proxy.RetrieveService.retrieveSign Se solicita el fichero con el identificador: GUfPglP7TC0GTujyCkwH
20-Mar-2025 23:34:35.246 WARNING [https-openssl-nio-8080-exec-3] es.gob.afirma.signfolder.server.proxy.RetrieveService.retrieveSign El fichero con el identificador 'GUfPglP7TC0GTujyCkwH' no existe: C:\Program Files\apache-tomcat-9.0.98\temp\GUfPglP7TC0GTujyCkwH
20-Mar-2025 23:34:35.247 INFO [https-openssl-nio-8080-exec-3] es.gob.afirma.signfolder.server.proxy.RetrieveService.service  == FIN RECUPERACION
20-Mar-2025 23:34:35.525 INFO [https-openssl-nio-8080-exec-6] es.gob.afirma.signfolder.server.proxy.RetrieveService.service  == INICIO RECUPERACION
20-Mar-2025 23:34:35.526 INFO [https-openssl-nio-8080-exec-6] es.gob.afirma.signfolder.server.proxy.RetrieveService.retrieveSign Se solicita el fichero con el identificador: a4aMqA70H7rYKNE6c61F
20-Mar-2025 23:34:35.526 WARNING [https-openssl-nio-8080-exec-6] es.gob.afirma.signfolder.server.proxy.RetrieveService.retrieveSign El fichero con el identificador 'a4aMqA70H7rYKNE6c61F' no existe: C:\Program Files\apache-tomcat-9.0.98\temp\a4aMqA70H7rYKNE6c61F
20-Mar-2025 23:34:35.527 INFO [https-openssl-nio-8080-exec-6] es.gob.afirma.signfolder.server.proxy.RetrieveService.service  == FIN RECUPERACION
20-Mar-2025 23:34:40.250 INFO [https-openssl-nio-8080-exec-9] es.gob.afirma.signfolder.server.proxy.RetrieveService.service  == INICIO RECUPERACION
20-Mar-2025 23:34:40.251 INFO [https-openssl-nio-8080-exec-9] es.gob.afirma.signfolder.server.proxy.RetrieveService.retrieveSign Se solicita el fichero con el identificador: GUfPglP7TC0GTujyCkwH
20-Mar-2025 23:34:40.252 WARNING [https-openssl-nio-8080-exec-9] es.gob.afirma.signfolder.server.proxy.RetrieveService.retrieveSign El fichero con el identificador 'GUfPglP7TC0GTujyCkwH' no existe: C:\Program Files\apache-tomcat-9.0.98\temp\GUfPglP7TC0GTujyCkwH
20-Mar-2025 23:34:40.254 INFO [https-openssl-nio-8080-exec-9] es.gob.afirma.signfolder.server.proxy.RetrieveService.service  == FIN RECUPERACION
20-Mar-2025 23:34:40.343 INFO [https-openssl-nio-8080-exec-2] es.gob.afirma.signfolder.server.proxy.RetrieveService.service  == INICIO RECUPERACION
20-Mar-2025 23:34:40.344 INFO [https-openssl-nio-8080-exec-2] es.gob.afirma.signfolder.server.proxy.RetrieveService.retrieveSign Se solicita el fichero con el identificador: a4aMqA70H7rYKNE6c61F
20-Mar-2025 23:34:40.344 WARNING [https-openssl-nio-8080-exec-2] es.gob.afirma.signfolder.server.proxy.RetrieveService.retrieveSign El fichero con el identificador 'a4aMqA70H7rYKNE6c61F' no existe: C:\Program Files\apache-tomcat-9.0.98\temp\a4aMqA70H7rYKNE6c61F
20-Mar-2025 23:34:40.346 INFO [https-openssl-nio-8080-exec-2] es.gob.afirma.signfolder.server.proxy.RetrieveService.service  == FIN RECUPERACION
20-Mar-2025 23:34:45.310 INFO [https-openssl-nio-8080-exec-5] es.gob.afirma.signfolder.server.proxy.RetrieveService.service  == INICIO RECUPERACION
20-Mar-2025 23:34:45.311 INFO [https-openssl-nio-8080-exec-5] es.gob.afirma.signfolder.server.proxy.RetrieveService.retrieveSign Se solicita el fichero con el identificador: GUfPglP7TC0GTujyCkwH
20-Mar-2025 23:34:45.321 WARNING [https-openssl-nio-8080-exec-5] es.gob.afirma.signfolder.server.proxy.RetrieveService.retrieveSign El fichero con el identificador 'GUfPglP7TC0GTujyCkwH' no existe: C:\Program Files\apache-tomcat-9.0.98\temp\GUfPglP7TC0GTujyCkwH
20-Mar-2025 23:34:45.330 INFO [https-openssl-nio-8080-exec-5] es.gob.afirma.signfolder.server.proxy.RetrieveService.service  == FIN RECUPERACION
20-Mar-2025 23:34:45.432 INFO [https-openssl-nio-8080-exec-8] es.gob.afirma.signfolder.server.proxy.RetrieveService.service  == INICIO RECUPERACION
20-Mar-2025 23:34:45.433 INFO [https-openssl-nio-8080-exec-8] es.gob.afirma.signfolder.server.proxy.RetrieveService.retrieveSign Se solicita el fichero con el identificador: a4aMqA70H7rYKNE6c61F
20-Mar-2025 23:34:45.434 WARNING [https-openssl-nio-8080-exec-8] es.gob.afirma.signfolder.server.proxy.RetrieveService.retrieveSign El fichero con el identificador 'a4aMqA70H7rYKNE6c61F' no existe: C:\Program Files\apache-tomcat-9.0.98\temp\a4aMqA70H7rYKNE6c61F
20-Mar-2025 23:34:45.434 INFO [https-openssl-nio-8080-exec-8] es.gob.afirma.signfolder.server.proxy.RetrieveService.service  == FIN RECUPERACION
20-Mar-2025 23:34:50.181 INFO [https-openssl-nio-8080-exec-2] es.gob.afirma.signfolder.server.proxy.RetrieveService.service  == INICIO RECUPERACION
20-Mar-2025 23:34:50.182 INFO [https-openssl-nio-8080-exec-2] es.gob.afirma.signfolder.server.proxy.RetrieveService.retrieveSign Se solicita el fichero con el identificador: GUfPglP7TC0GTujyCkwH
20-Mar-2025 23:34:50.182 WARNING [https-openssl-nio-8080-exec-2] es.gob.afirma.signfolder.server.proxy.RetrieveService.retrieveSign El fichero con el identificador 'GUfPglP7TC0GTujyCkwH' no existe: C:\Program Files\apache-tomcat-9.0.98\temp\GUfPglP7TC0GTujyCkwH
20-Mar-2025 23:34:50.183 INFO [https-openssl-nio-8080-exec-2] es.gob.afirma.signfolder.server.proxy.RetrieveService.service  == FIN RECUPERACION
20-Mar-2025 23:34:50.185 INFO [https-openssl-nio-8080-exec-4] es.gob.afirma.signfolder.server.proxy.RetrieveService.service  == INICIO RECUPERACION
20-Mar-2025 23:34:50.186 INFO [https-openssl-nio-8080-exec-4] es.gob.afirma.signfolder.server.proxy.RetrieveService.retrieveSign Se solicita el fichero con el identificador: a4aMqA70H7rYKNE6c61F
20-Mar-2025 23:34:50.186 WARNING [https-openssl-nio-8080-exec-4] es.gob.afirma.signfolder.server.proxy.RetrieveService.retrieveSign El fichero con el identificador 'a4aMqA70H7rYKNE6c61F' no existe: C:\Program Files\apache-tomcat-9.0.98\temp\a4aMqA70H7rYKNE6c61F
20-Mar-2025 23:34:50.187 INFO [https-openssl-nio-8080-exec-4] es.gob.afirma.signfolder.server.proxy.RetrieveService.service  == FIN RECUPERACION
20-Mar-2025 23:36:18.907 INFO [https-openssl-nio-8080-exec-7] es.gob.afirma.signfolder.server.proxy.StorageService.service  == INICIO GUARDADO
20-Mar-2025 23:36:18.907 WARNING [https-openssl-nio-8080-exec-7] es.gob.afirma.signfolder.server.proxy.StorageService.service No se ha indicado codigo de operacion
20-Mar-2025 23:37:02.501 INFO [https-openssl-nio-8080-exec-8] es.gob.afirma.signfolder.server.proxy.RetrieveService.service  == INICIO RECUPERACION
20-Mar-2025 23:37:02.509 WARNING [https-openssl-nio-8080-exec-8] es.gob.afirma.signfolder.server.proxy.RetrieveService.service ERR-00:=No se ha indicado código de operación
20-Mar-2025 23:37:18.845 INFO [https-openssl-nio-8080-exec-10] es.gob.afirma.signfolder.server.proxy.RetrieveService.service  == INICIO RECUPERACION
20-Mar-2025 23:37:18.846 WARNING [https-openssl-nio-8080-exec-10] es.gob.afirma.signfolder.server.proxy.RetrieveService.service ERR-00:=No se ha indicado código de operación
20-Mar-2025 23:37:30.945 INFO [https-openssl-nio-8080-exec-7] es.gob.afirma.signfolder.server.proxy.RetrieveService.service  == INICIO RECUPERACION
20-Mar-2025 23:37:30.946 WARNING [https-openssl-nio-8080-exec-7] es.gob.afirma.signfolder.server.proxy.RetrieveService.service ERR-00:=No se ha indicado código de operación
20-Mar-2025 23:38:04.416 INFO [https-openssl-nio-8080-exec-10] es.gob.afirma.signfolder.server.proxy.RetrieveService.service  == INICIO RECUPERACION
20-Mar-2025 23:38:04.417 WARNING [https-openssl-nio-8080-exec-10] es.gob.afirma.signfolder.server.proxy.RetrieveService.service ERR-00:=No se ha indicado código de operación
20-Mar-2025 23:38:51.297 INFO [https-openssl-nio-8080-exec-3] es.gob.afirma.signfolder.server.proxy.StorageService.service  == INICIO GUARDADO
20-Mar-2025 23:38:51.298 WARNING [https-openssl-nio-8080-exec-3] es.gob.afirma.signfolder.server.proxy.StorageService.service No se ha indicado codigo de operacion
20-Mar-2025 23:39:06.627 INFO [https-openssl-nio-8080-exec-5] es.gob.afirma.signfolder.server.proxy.StorageService.service  == INICIO GUARDADO
20-Mar-2025 23:39:06.627 WARNING [https-openssl-nio-8080-exec-5] es.gob.afirma.signfolder.server.proxy.StorageService.service No se ha indicado codigo de operacion
20-Mar-2025 23:42:23.402 INFO [https-openssl-nio-8080-exec-10] es.gob.afirma.signfolder.server.proxy.StorageService.service  == INICIO GUARDADO
20-Mar-2025 23:42:23.403 WARNING [https-openssl-nio-8080-exec-10] es.gob.afirma.signfolder.server.proxy.StorageService.service No se ha indicado codigo de operacion
20-Mar-2025 23:43:59.762 INFO [https-openssl-nio-8080-exec-8] es.gob.afirma.signfolder.server.proxy.StorageService.service  == INICIO GUARDADO
20-Mar-2025 23:43:59.765 INFO [https-openssl-nio-8080-exec-8] es.gob.afirma.signfolder.server.proxy.StorageService.storeSign Se solicita guardar un fichero con el identificador: pmdicc2OSphb7ZUYdzab
20-Mar-2025 23:43:59.775 INFO [https-openssl-nio-8080-exec-8] es.gob.afirma.signfolder.server.proxy.StorageConfig.<clinit> Se carga el fichero de configuracion del classpath
20-Mar-2025 23:43:59.779 INFO [https-openssl-nio-8080-exec-8] es.gob.afirma.signfolder.server.proxy.StorageConfig.<clinit> No se ha indicado un direcctorio temporal, se usara el por defecto del sistema
20-Mar-2025 23:43:59.781 INFO [https-openssl-nio-8080-exec-8] es.gob.afirma.signfolder.server.proxy.StorageService.storeSign Se guardo correctamente el fichero: C:\Program Files\apache-tomcat-9.0.98\temp\pmdicc2OSphb7ZUYdzab
20-Mar-2025 23:43:59.782 INFO [https-openssl-nio-8080-exec-8] es.gob.afirma.signfolder.server.proxy.StorageService.service  == FIN GUARDADO
20-Mar-2025 23:44:01.891 INFO [https-openssl-nio-8080-exec-6] es.gob.afirma.signfolder.server.proxy.RetrieveService.service  == INICIO RECUPERACION
20-Mar-2025 23:44:01.892 INFO [https-openssl-nio-8080-exec-6] es.gob.afirma.signfolder.server.proxy.RetrieveService.retrieveSign Se solicita el fichero con el identificador: pmdicc2OSphb7ZUYdzab
20-Mar-2025 23:44:01.894 INFO [https-openssl-nio-8080-exec-6] es.gob.afirma.signfolder.server.proxy.RetrieveService.retrieveSign Se recupera el fichero: pmdicc2OSphb7ZUYdzab
20-Mar-2025 23:44:01.896 INFO [https-openssl-nio-8080-exec-6] es.gob.afirma.signfolder.server.proxy.RetrieveService.service  == FIN RECUPERACION
20-Mar-2025 23:44:28.600 INFO [https-openssl-nio-8080-exec-1] es.gob.afirma.signfolder.server.proxy.StorageService.service  == INICIO GUARDADO
20-Mar-2025 23:44:28.601 INFO [https-openssl-nio-8080-exec-1] es.gob.afirma.signfolder.server.proxy.StorageService.storeSign Se solicita guardar un fichero con el identificador: H5ZPPKQ3jp778P1L7A67
20-Mar-2025 23:44:28.605 INFO [https-openssl-nio-8080-exec-1] es.gob.afirma.signfolder.server.proxy.StorageService.storeSign Se guardo correctamente el fichero: C:\Program Files\apache-tomcat-9.0.98\temp\H5ZPPKQ3jp778P1L7A67
20-Mar-2025 23:44:28.605 INFO [https-openssl-nio-8080-exec-1] es.gob.afirma.signfolder.server.proxy.StorageService.service  == FIN GUARDADO
20-Mar-2025 23:44:28.805 INFO [https-openssl-nio-8080-exec-7] es.gob.afirma.signfolder.server.proxy.RetrieveService.service  == INICIO RECUPERACION
20-Mar-2025 23:44:28.806 INFO [https-openssl-nio-8080-exec-7] es.gob.afirma.signfolder.server.proxy.RetrieveService.retrieveSign Se solicita el fichero con el identificador: H5ZPPKQ3jp778P1L7A67
20-Mar-2025 23:44:28.811 INFO [https-openssl-nio-8080-exec-7] es.gob.afirma.signfolder.server.proxy.RetrieveService.retrieveSign Se recupera el fichero: H5ZPPKQ3jp778P1L7A67
20-Mar-2025 23:44:28.813 INFO [https-openssl-nio-8080-exec-7] es.gob.afirma.signfolder.server.proxy.RetrieveService.service  == FIN RECUPERACION
20-Mar-2025 23:44:30.955 INFO [https-openssl-nio-8080-exec-4] es.gob.afirma.signfolder.server.proxy.StorageService.service  == INICIO GUARDADO
20-Mar-2025 23:44:30.958 INFO [https-openssl-nio-8080-exec-4] es.gob.afirma.signfolder.server.proxy.StorageService.storeSign Se solicita guardar un fichero con el identificador: WOfc6t6W2sKU1N8b4F1c
20-Mar-2025 23:44:30.962 INFO [https-openssl-nio-8080-exec-4] es.gob.afirma.signfolder.server.proxy.StorageService.storeSign Se guardo correctamente el fichero: C:\Program Files\apache-tomcat-9.0.98\temp\WOfc6t6W2sKU1N8b4F1c
20-Mar-2025 23:44:30.963 INFO [https-openssl-nio-8080-exec-4] es.gob.afirma.signfolder.server.proxy.StorageService.service  == FIN GUARDADO
20-Mar-2025 23:44:32.631 INFO [https-openssl-nio-8080-exec-9] es.gob.afirma.signfolder.server.proxy.RetrieveService.service  == INICIO RECUPERACION
20-Mar-2025 23:44:32.631 INFO [https-openssl-nio-8080-exec-9] es.gob.afirma.signfolder.server.proxy.RetrieveService.retrieveSign Se solicita el fichero con el identificador: WOfc6t6W2sKU1N8b4F1c
20-Mar-2025 23:44:32.636 INFO [https-openssl-nio-8080-exec-9] es.gob.afirma.signfolder.server.proxy.RetrieveService.retrieveSign Se recupera el fichero: WOfc6t6W2sKU1N8b4F1c
20-Mar-2025 23:44:32.637 INFO [https-openssl-nio-8080-exec-9] es.gob.afirma.signfolder.server.proxy.RetrieveService.service  == FIN RECUPERACION
20-Mar-2025 23:50:21.608 INFO [https-openssl-nio-8080-exec-7] es.gob.afirma.signfolder.server.proxy.StorageService.service  == INICIO GUARDADO
20-Mar-2025 23:50:21.610 INFO [https-openssl-nio-8080-exec-7] es.gob.afirma.signfolder.server.proxy.StorageService.storeSign Se solicita guardar un fichero con el identificador: g53e3RJhRyIrNfiL42OF
20-Mar-2025 23:50:21.611 INFO [https-openssl-nio-8080-exec-7] es.gob.afirma.signfolder.server.proxy.StorageService.storeSign Se guardo correctamente el fichero: C:\Program Files\apache-tomcat-9.0.98\temp\g53e3RJhRyIrNfiL42OF
20-Mar-2025 23:50:21.612 INFO [https-openssl-nio-8080-exec-7] es.gob.afirma.signfolder.server.proxy.StorageService.service  == FIN GUARDADO
20-Mar-2025 23:50:23.816 INFO [https-openssl-nio-8080-exec-4] es.gob.afirma.signfolder.server.proxy.RetrieveService.service  == INICIO RECUPERACION
20-Mar-2025 23:50:23.817 INFO [https-openssl-nio-8080-exec-4] es.gob.afirma.signfolder.server.proxy.RetrieveService.retrieveSign Se solicita el fichero con el identificador: g53e3RJhRyIrNfiL42OF
20-Mar-2025 23:50:23.819 INFO [https-openssl-nio-8080-exec-4] es.gob.afirma.signfolder.server.proxy.RetrieveService.retrieveSign Se recupera el fichero: g53e3RJhRyIrNfiL42OF
20-Mar-2025 23:50:23.820 INFO [https-openssl-nio-8080-exec-4] es.gob.afirma.signfolder.server.proxy.RetrieveService.service  == FIN RECUPERACION
20-Mar-2025 23:50:26.094 INFO [https-openssl-nio-8080-exec-9] es.gob.afirma.signfolder.server.proxy.StorageService.service  == INICIO GUARDADO
20-Mar-2025 23:50:26.096 INFO [https-openssl-nio-8080-exec-9] es.gob.afirma.signfolder.server.proxy.StorageService.storeSign Se solicita guardar un fichero con el identificador: f5XoWWaGpiGTNZEb0eqZ
20-Mar-2025 23:50:26.098 INFO [https-openssl-nio-8080-exec-9] es.gob.afirma.signfolder.server.proxy.StorageService.storeSign Se guardo correctamente el fichero: C:\Program Files\apache-tomcat-9.0.98\temp\f5XoWWaGpiGTNZEb0eqZ
20-Mar-2025 23:50:26.098 INFO [https-openssl-nio-8080-exec-9] es.gob.afirma.signfolder.server.proxy.StorageService.service  == FIN GUARDADO
20-Mar-2025 23:50:26.340 INFO [https-openssl-nio-8080-exec-2] es.gob.afirma.signfolder.server.proxy.RetrieveService.service  == INICIO RECUPERACION
20-Mar-2025 23:50:26.340 INFO [https-openssl-nio-8080-exec-2] es.gob.afirma.signfolder.server.proxy.RetrieveService.retrieveSign Se solicita el fichero con el identificador: f5XoWWaGpiGTNZEb0eqZ
20-Mar-2025 23:50:26.343 INFO [https-openssl-nio-8080-exec-2] es.gob.afirma.signfolder.server.proxy.RetrieveService.retrieveSign Se recupera el fichero: f5XoWWaGpiGTNZEb0eqZ
20-Mar-2025 23:50:26.344 INFO [https-openssl-nio-8080-exec-2] es.gob.afirma.signfolder.server.proxy.RetrieveService.service  == FIN RECUPERACION
20-Mar-2025 23:50:28.501 INFO [https-openssl-nio-8080-exec-3] es.gob.afirma.signfolder.server.proxy.StorageService.service  == INICIO GUARDADO
20-Mar-2025 23:50:28.504 INFO [https-openssl-nio-8080-exec-3] es.gob.afirma.signfolder.server.proxy.StorageService.storeSign Se solicita guardar un fichero con el identificador: Wzox8yhQSCG6C1fs6td4
20-Mar-2025 23:50:28.507 INFO [https-openssl-nio-8080-exec-3] es.gob.afirma.signfolder.server.proxy.StorageService.storeSign Se guardo correctamente el fichero: C:\Program Files\apache-tomcat-9.0.98\temp\Wzox8yhQSCG6C1fs6td4
20-Mar-2025 23:50:28.507 INFO [https-openssl-nio-8080-exec-3] es.gob.afirma.signfolder.server.proxy.StorageService.service  == FIN GUARDADO
20-Mar-2025 23:50:30.127 INFO [https-openssl-nio-8080-exec-5] es.gob.afirma.signfolder.server.proxy.RetrieveService.service  == INICIO RECUPERACION
20-Mar-2025 23:50:30.129 INFO [https-openssl-nio-8080-exec-5] es.gob.afirma.signfolder.server.proxy.RetrieveService.retrieveSign Se solicita el fichero con el identificador: Wzox8yhQSCG6C1fs6td4
20-Mar-2025 23:50:30.134 INFO [https-openssl-nio-8080-exec-5] es.gob.afirma.signfolder.server.proxy.RetrieveService.retrieveSign Se recupera el fichero: Wzox8yhQSCG6C1fs6td4
20-Mar-2025 23:50:30.135 INFO [https-openssl-nio-8080-exec-5] es.gob.afirma.signfolder.server.proxy.RetrieveService.service  == FIN RECUPERACION
20-Mar-2025 23:50:52.097 INFO [https-openssl-nio-8080-exec-10] es.gob.afirma.signfolder.server.proxy.StorageService.service  == INICIO GUARDADO
20-Mar-2025 23:50:52.100 INFO [https-openssl-nio-8080-exec-10] es.gob.afirma.signfolder.server.proxy.StorageService.storeSign Se solicita guardar un fichero con el identificador: kuFpO2Tc1laZQLQ8KEPP
20-Mar-2025 23:50:52.101 INFO [https-openssl-nio-8080-exec-10] es.gob.afirma.signfolder.server.proxy.StorageService.storeSign Se guardo correctamente el fichero: C:\Program Files\apache-tomcat-9.0.98\temp\kuFpO2Tc1laZQLQ8KEPP
20-Mar-2025 23:50:52.101 INFO [https-openssl-nio-8080-exec-10] es.gob.afirma.signfolder.server.proxy.StorageService.service  == FIN GUARDADO
20-Mar-2025 23:50:54.110 INFO [https-openssl-nio-8080-exec-8] es.gob.afirma.signfolder.server.proxy.RetrieveService.service  == INICIO RECUPERACION
20-Mar-2025 23:50:54.110 INFO [https-openssl-nio-8080-exec-8] es.gob.afirma.signfolder.server.proxy.RetrieveService.retrieveSign Se solicita el fichero con el identificador: kuFpO2Tc1laZQLQ8KEPP
20-Mar-2025 23:50:54.114 INFO [https-openssl-nio-8080-exec-8] es.gob.afirma.signfolder.server.proxy.RetrieveService.retrieveSign Se recupera el fichero: kuFpO2Tc1laZQLQ8KEPP
20-Mar-2025 23:50:54.115 INFO [https-openssl-nio-8080-exec-8] es.gob.afirma.signfolder.server.proxy.RetrieveService.service  == FIN RECUPERACION
20-Mar-2025 23:51:16.843 INFO [https-openssl-nio-8080-exec-6] es.gob.afirma.signfolder.server.proxy.RetrieveService.service  == INICIO RECUPERACION
20-Mar-2025 23:51:16.844 INFO [https-openssl-nio-8080-exec-6] es.gob.afirma.signfolder.server.proxy.RetrieveService.retrieveSign Se solicita el fichero con el identificador: 2BZmdISw7niD7QpMWFqF
20-Mar-2025 23:51:16.844 WARNING [https-openssl-nio-8080-exec-6] es.gob.afirma.signfolder.server.proxy.RetrieveService.retrieveSign El fichero con el identificador '2BZmdISw7niD7QpMWFqF' no existe: C:\Program Files\apache-tomcat-9.0.98\temp\2BZmdISw7niD7QpMWFqF
20-Mar-2025 23:51:16.846 INFO [https-openssl-nio-8080-exec-6] es.gob.afirma.signfolder.server.proxy.RetrieveService.service  == FIN RECUPERACION
20-Mar-2025 23:51:20.960 INFO [https-openssl-nio-8080-exec-1] es.gob.afirma.signfolder.server.proxy.RetrieveService.service  == INICIO RECUPERACION
20-Mar-2025 23:51:20.961 INFO [https-openssl-nio-8080-exec-1] es.gob.afirma.signfolder.server.proxy.RetrieveService.retrieveSign Se solicita el fichero con el identificador: 2BZmdISw7niD7QpMWFqF
20-Mar-2025 23:51:20.961 WARNING [https-openssl-nio-8080-exec-1] es.gob.afirma.signfolder.server.proxy.RetrieveService.retrieveSign El fichero con el identificador '2BZmdISw7niD7QpMWFqF' no existe: C:\Program Files\apache-tomcat-9.0.98\temp\2BZmdISw7niD7QpMWFqF
20-Mar-2025 23:51:20.962 INFO [https-openssl-nio-8080-exec-1] es.gob.afirma.signfolder.server.proxy.RetrieveService.service  == FIN RECUPERACION
20-Mar-2025 23:51:21.380 INFO [https-openssl-nio-8080-exec-7] es.gob.afirma.signfolder.server.proxy.RetrieveService.service  == INICIO RECUPERACION
20-Mar-2025 23:51:21.381 INFO [https-openssl-nio-8080-exec-7] es.gob.afirma.signfolder.server.proxy.RetrieveService.retrieveSign Se solicita el fichero con el identificador: lEjtIoIiaCjo7CJIhLQH
20-Mar-2025 23:51:21.381 WARNING [https-openssl-nio-8080-exec-7] es.gob.afirma.signfolder.server.proxy.RetrieveService.retrieveSign El fichero con el identificador 'lEjtIoIiaCjo7CJIhLQH' no existe: C:\Program Files\apache-tomcat-9.0.98\temp\lEjtIoIiaCjo7CJIhLQH
20-Mar-2025 23:51:21.383 INFO [https-openssl-nio-8080-exec-7] es.gob.afirma.signfolder.server.proxy.RetrieveService.service  == FIN RECUPERACION
20-Mar-2025 23:51:25.062 INFO [https-openssl-nio-8080-exec-4] es.gob.afirma.signfolder.server.proxy.RetrieveService.service  == INICIO RECUPERACION
20-Mar-2025 23:51:25.062 INFO [https-openssl-nio-8080-exec-4] es.gob.afirma.signfolder.server.proxy.RetrieveService.retrieveSign Se solicita el fichero con el identificador: 2BZmdISw7niD7QpMWFqF
20-Mar-2025 23:51:25.063 WARNING [https-openssl-nio-8080-exec-4] es.gob.afirma.signfolder.server.proxy.RetrieveService.retrieveSign El fichero con el identificador '2BZmdISw7niD7QpMWFqF' no existe: C:\Program Files\apache-tomcat-9.0.98\temp\2BZmdISw7niD7QpMWFqF
20-Mar-2025 23:51:25.064 INFO [https-openssl-nio-8080-exec-4] es.gob.afirma.signfolder.server.proxy.RetrieveService.service  == FIN RECUPERACION
20-Mar-2025 23:51:25.445 INFO [https-openssl-nio-8080-exec-9] es.gob.afirma.signfolder.server.proxy.RetrieveService.service  == INICIO RECUPERACION
20-Mar-2025 23:51:25.446 INFO [https-openssl-nio-8080-exec-9] es.gob.afirma.signfolder.server.proxy.RetrieveService.retrieveSign Se solicita el fichero con el identificador: lEjtIoIiaCjo7CJIhLQH
20-Mar-2025 23:51:25.447 WARNING [https-openssl-nio-8080-exec-9] es.gob.afirma.signfolder.server.proxy.RetrieveService.retrieveSign El fichero con el identificador 'lEjtIoIiaCjo7CJIhLQH' no existe: C:\Program Files\apache-tomcat-9.0.98\temp\lEjtIoIiaCjo7CJIhLQH
20-Mar-2025 23:51:25.447 INFO [https-openssl-nio-8080-exec-9] es.gob.afirma.signfolder.server.proxy.RetrieveService.service  == FIN RECUPERACION
20-Mar-2025 23:51:29.239 INFO [https-openssl-nio-8080-exec-2] es.gob.afirma.signfolder.server.proxy.RetrieveService.service  == INICIO RECUPERACION
20-Mar-2025 23:51:29.239 INFO [https-openssl-nio-8080-exec-2] es.gob.afirma.signfolder.server.proxy.RetrieveService.retrieveSign Se solicita el fichero con el identificador: 2BZmdISw7niD7QpMWFqF
20-Mar-2025 23:51:29.239 WARNING [https-openssl-nio-8080-exec-2] es.gob.afirma.signfolder.server.proxy.RetrieveService.retrieveSign El fichero con el identificador '2BZmdISw7niD7QpMWFqF' no existe: C:\Program Files\apache-tomcat-9.0.98\temp\2BZmdISw7niD7QpMWFqF
20-Mar-2025 23:51:29.240 INFO [https-openssl-nio-8080-exec-2] es.gob.afirma.signfolder.server.proxy.RetrieveService.service  == FIN RECUPERACION
20-Mar-2025 23:51:30.282 INFO [https-openssl-nio-8080-exec-3] es.gob.afirma.signfolder.server.proxy.RetrieveService.service  == INICIO RECUPERACION
20-Mar-2025 23:51:30.282 INFO [https-openssl-nio-8080-exec-3] es.gob.afirma.signfolder.server.proxy.RetrieveService.retrieveSign Se solicita el fichero con el identificador: lEjtIoIiaCjo7CJIhLQH
20-Mar-2025 23:51:30.283 WARNING [https-openssl-nio-8080-exec-3] es.gob.afirma.signfolder.server.proxy.RetrieveService.retrieveSign El fichero con el identificador 'lEjtIoIiaCjo7CJIhLQH' no existe: C:\Program Files\apache-tomcat-9.0.98\temp\lEjtIoIiaCjo7CJIhLQH
20-Mar-2025 23:51:30.284 INFO [https-openssl-nio-8080-exec-3] es.gob.afirma.signfolder.server.proxy.RetrieveService.service  == FIN RECUPERACION
20-Mar-2025 23:51:34.379 INFO [https-openssl-nio-8080-exec-5] es.gob.afirma.signfolder.server.proxy.RetrieveService.service  == INICIO RECUPERACION
20-Mar-2025 23:51:34.382 INFO [https-openssl-nio-8080-exec-5] es.gob.afirma.signfolder.server.proxy.RetrieveService.retrieveSign Se solicita el fichero con el identificador: 2BZmdISw7niD7QpMWFqF
20-Mar-2025 23:51:34.383 WARNING [https-openssl-nio-8080-exec-5] es.gob.afirma.signfolder.server.proxy.RetrieveService.retrieveSign El fichero con el identificador '2BZmdISw7niD7QpMWFqF' no existe: C:\Program Files\apache-tomcat-9.0.98\temp\2BZmdISw7niD7QpMWFqF
20-Mar-2025 23:51:34.386 INFO [https-openssl-nio-8080-exec-5] es.gob.afirma.signfolder.server.proxy.RetrieveService.service  == FIN RECUPERACION
20-Mar-2025 23:51:34.768 INFO [https-openssl-nio-8080-exec-10] es.gob.afirma.signfolder.server.proxy.RetrieveService.service  == INICIO RECUPERACION
20-Mar-2025 23:51:34.768 INFO [https-openssl-nio-8080-exec-10] es.gob.afirma.signfolder.server.proxy.RetrieveService.retrieveSign Se solicita el fichero con el identificador: lEjtIoIiaCjo7CJIhLQH
20-Mar-2025 23:51:34.769 WARNING [https-openssl-nio-8080-exec-10] es.gob.afirma.signfolder.server.proxy.RetrieveService.retrieveSign El fichero con el identificador 'lEjtIoIiaCjo7CJIhLQH' no existe: C:\Program Files\apache-tomcat-9.0.98\temp\lEjtIoIiaCjo7CJIhLQH
20-Mar-2025 23:51:34.770 INFO [https-openssl-nio-8080-exec-10] es.gob.afirma.signfolder.server.proxy.RetrieveService.service  == FIN RECUPERACION
20-Mar-2025 23:51:38.172 INFO [https-openssl-nio-8080-exec-8] es.gob.afirma.signfolder.server.proxy.StorageService.service  == INICIO GUARDADO
20-Mar-2025 23:51:38.184 INFO [https-openssl-nio-8080-exec-8] es.gob.afirma.signfolder.server.proxy.StorageService.storeSign Se solicita guardar un fichero con el identificador: u8qUqQpPYOQhUuGSTbHZ
20-Mar-2025 23:51:38.187 INFO [https-openssl-nio-8080-exec-8] es.gob.afirma.signfolder.server.proxy.StorageService.storeSign Se guardo correctamente el fichero: C:\Program Files\apache-tomcat-9.0.98\temp\u8qUqQpPYOQhUuGSTbHZ
20-Mar-2025 23:51:38.189 INFO [https-openssl-nio-8080-exec-8] es.gob.afirma.signfolder.server.proxy.StorageService.service  == FIN GUARDADO
20-Mar-2025 23:51:38.465 INFO [https-openssl-nio-8080-exec-6] es.gob.afirma.signfolder.server.proxy.RetrieveService.service  == INICIO RECUPERACION
20-Mar-2025 23:51:38.466 INFO [https-openssl-nio-8080-exec-6] es.gob.afirma.signfolder.server.proxy.RetrieveService.retrieveSign Se solicita el fichero con el identificador: 2BZmdISw7niD7QpMWFqF
20-Mar-2025 23:51:38.466 WARNING [https-openssl-nio-8080-exec-6] es.gob.afirma.signfolder.server.proxy.RetrieveService.retrieveSign El fichero con el identificador '2BZmdISw7niD7QpMWFqF' no existe: C:\Program Files\apache-tomcat-9.0.98\temp\2BZmdISw7niD7QpMWFqF
20-Mar-2025 23:51:38.468 INFO [https-openssl-nio-8080-exec-6] es.gob.afirma.signfolder.server.proxy.RetrieveService.service  == FIN RECUPERACION
20-Mar-2025 23:51:38.866 INFO [https-openssl-nio-8080-exec-1] es.gob.afirma.signfolder.server.proxy.RetrieveService.service  == INICIO RECUPERACION
20-Mar-2025 23:51:38.867 INFO [https-openssl-nio-8080-exec-1] es.gob.afirma.signfolder.server.proxy.RetrieveService.retrieveSign Se solicita el fichero con el identificador: lEjtIoIiaCjo7CJIhLQH
20-Mar-2025 23:51:38.868 WARNING [https-openssl-nio-8080-exec-1] es.gob.afirma.signfolder.server.proxy.RetrieveService.retrieveSign El fichero con el identificador 'lEjtIoIiaCjo7CJIhLQH' no existe: C:\Program Files\apache-tomcat-9.0.98\temp\lEjtIoIiaCjo7CJIhLQH
20-Mar-2025 23:51:38.869 INFO [https-openssl-nio-8080-exec-1] es.gob.afirma.signfolder.server.proxy.RetrieveService.service  == FIN RECUPERACION
20-Mar-2025 23:51:40.048 INFO [https-openssl-nio-8080-exec-7] es.gob.afirma.signfolder.server.proxy.RetrieveService.service  == INICIO RECUPERACION
20-Mar-2025 23:51:40.048 INFO [https-openssl-nio-8080-exec-7] es.gob.afirma.signfolder.server.proxy.RetrieveService.retrieveSign Se solicita el fichero con el identificador: u8qUqQpPYOQhUuGSTbHZ
20-Mar-2025 23:51:40.051 INFO [https-openssl-nio-8080-exec-7] es.gob.afirma.signfolder.server.proxy.RetrieveService.retrieveSign Se recupera el fichero: u8qUqQpPYOQhUuGSTbHZ
20-Mar-2025 23:51:40.052 INFO [https-openssl-nio-8080-exec-7] es.gob.afirma.signfolder.server.proxy.RetrieveService.service  == FIN RECUPERACION
20-Mar-2025 23:51:42.562 INFO [https-openssl-nio-8080-exec-4] es.gob.afirma.signfolder.server.proxy.RetrieveService.service  == INICIO RECUPERACION
20-Mar-2025 23:51:42.562 INFO [https-openssl-nio-8080-exec-4] es.gob.afirma.signfolder.server.proxy.RetrieveService.retrieveSign Se solicita el fichero con el identificador: 2BZmdISw7niD7QpMWFqF
20-Mar-2025 23:51:42.563 WARNING [https-openssl-nio-8080-exec-4] es.gob.afirma.signfolder.server.proxy.RetrieveService.retrieveSign El fichero con el identificador '2BZmdISw7niD7QpMWFqF' no existe: C:\Program Files\apache-tomcat-9.0.98\temp\2BZmdISw7niD7QpMWFqF
20-Mar-2025 23:51:42.564 INFO [https-openssl-nio-8080-exec-4] es.gob.afirma.signfolder.server.proxy.RetrieveService.service  == FIN RECUPERACION
20-Mar-2025 23:51:42.956 INFO [https-openssl-nio-8080-exec-9] es.gob.afirma.signfolder.server.proxy.RetrieveService.service  == INICIO RECUPERACION
20-Mar-2025 23:51:42.957 INFO [https-openssl-nio-8080-exec-9] es.gob.afirma.signfolder.server.proxy.RetrieveService.retrieveSign Se solicita el fichero con el identificador: lEjtIoIiaCjo7CJIhLQH
20-Mar-2025 23:51:42.957 WARNING [https-openssl-nio-8080-exec-9] es.gob.afirma.signfolder.server.proxy.RetrieveService.retrieveSign El fichero con el identificador 'lEjtIoIiaCjo7CJIhLQH' no existe: C:\Program Files\apache-tomcat-9.0.98\temp\lEjtIoIiaCjo7CJIhLQH
20-Mar-2025 23:51:42.958 INFO [https-openssl-nio-8080-exec-9] es.gob.afirma.signfolder.server.proxy.RetrieveService.service  == FIN RECUPERACION
20-Mar-2025 23:51:46.852 INFO [https-openssl-nio-8080-exec-2] es.gob.afirma.signfolder.server.proxy.RetrieveService.service  == INICIO RECUPERACION
20-Mar-2025 23:51:46.853 INFO [https-openssl-nio-8080-exec-2] es.gob.afirma.signfolder.server.proxy.RetrieveService.retrieveSign Se solicita el fichero con el identificador: 2BZmdISw7niD7QpMWFqF
20-Mar-2025 23:51:46.853 WARNING [https-openssl-nio-8080-exec-2] es.gob.afirma.signfolder.server.proxy.RetrieveService.retrieveSign El fichero con el identificador '2BZmdISw7niD7QpMWFqF' no existe: C:\Program Files\apache-tomcat-9.0.98\temp\2BZmdISw7niD7QpMWFqF
20-Mar-2025 23:51:46.854 INFO [https-openssl-nio-8080-exec-2] es.gob.afirma.signfolder.server.proxy.RetrieveService.service  == FIN RECUPERACION
20-Mar-2025 23:51:47.027 INFO [https-openssl-nio-8080-exec-3] es.gob.afirma.signfolder.server.proxy.RetrieveService.service  == INICIO RECUPERACION
20-Mar-2025 23:51:47.027 INFO [https-openssl-nio-8080-exec-3] es.gob.afirma.signfolder.server.proxy.RetrieveService.retrieveSign Se solicita el fichero con el identificador: lEjtIoIiaCjo7CJIhLQH
20-Mar-2025 23:51:47.027 WARNING [https-openssl-nio-8080-exec-3] es.gob.afirma.signfolder.server.proxy.RetrieveService.retrieveSign El fichero con el identificador 'lEjtIoIiaCjo7CJIhLQH' no existe: C:\Program Files\apache-tomcat-9.0.98\temp\lEjtIoIiaCjo7CJIhLQH
20-Mar-2025 23:51:47.029 INFO [https-openssl-nio-8080-exec-3] es.gob.afirma.signfolder.server.proxy.RetrieveService.service  == FIN RECUPERACION
20-Mar-2025 23:51:50.948 INFO [https-openssl-nio-8080-exec-5] es.gob.afirma.signfolder.server.proxy.RetrieveService.service  == INICIO RECUPERACION
20-Mar-2025 23:51:50.949 INFO [https-openssl-nio-8080-exec-5] es.gob.afirma.signfolder.server.proxy.RetrieveService.retrieveSign Se solicita el fichero con el identificador: 2BZmdISw7niD7QpMWFqF
20-Mar-2025 23:51:50.949 WARNING [https-openssl-nio-8080-exec-5] es.gob.afirma.signfolder.server.proxy.RetrieveService.retrieveSign El fichero con el identificador '2BZmdISw7niD7QpMWFqF' no existe: C:\Program Files\apache-tomcat-9.0.98\temp\2BZmdISw7niD7QpMWFqF
20-Mar-2025 23:51:50.949 INFO [https-openssl-nio-8080-exec-5] es.gob.afirma.signfolder.server.proxy.RetrieveService.service  == FIN RECUPERACION
20-Mar-2025 23:51:51.148 INFO [https-openssl-nio-8080-exec-10] es.gob.afirma.signfolder.server.proxy.RetrieveService.service  == INICIO RECUPERACION
20-Mar-2025 23:51:51.149 INFO [https-openssl-nio-8080-exec-10] es.gob.afirma.signfolder.server.proxy.RetrieveService.retrieveSign Se solicita el fichero con el identificador: lEjtIoIiaCjo7CJIhLQH
20-Mar-2025 23:51:51.149 WARNING [https-openssl-nio-8080-exec-10] es.gob.afirma.signfolder.server.proxy.RetrieveService.retrieveSign El fichero con el identificador 'lEjtIoIiaCjo7CJIhLQH' no existe: C:\Program Files\apache-tomcat-9.0.98\temp\lEjtIoIiaCjo7CJIhLQH
20-Mar-2025 23:51:51.150 INFO [https-openssl-nio-8080-exec-10] es.gob.afirma.signfolder.server.proxy.RetrieveService.service  == FIN RECUPERACION
20-Mar-2025 23:51:55.044 INFO [https-openssl-nio-8080-exec-8] es.gob.afirma.signfolder.server.proxy.RetrieveService.service  == INICIO RECUPERACION
20-Mar-2025 23:51:55.044 INFO [https-openssl-nio-8080-exec-8] es.gob.afirma.signfolder.server.proxy.RetrieveService.retrieveSign Se solicita el fichero con el identificador: 2BZmdISw7niD7QpMWFqF
20-Mar-2025 23:51:55.045 WARNING [https-openssl-nio-8080-exec-8] es.gob.afirma.signfolder.server.proxy.RetrieveService.retrieveSign El fichero con el identificador '2BZmdISw7niD7QpMWFqF' no existe: C:\Program Files\apache-tomcat-9.0.98\temp\2BZmdISw7niD7QpMWFqF
20-Mar-2025 23:51:55.045 INFO [https-openssl-nio-8080-exec-8] es.gob.afirma.signfolder.server.proxy.RetrieveService.service  == FIN RECUPERACION
20-Mar-2025 23:51:55.244 INFO [https-openssl-nio-8080-exec-6] es.gob.afirma.signfolder.server.proxy.RetrieveService.service  == INICIO RECUPERACION
20-Mar-2025 23:51:55.244 INFO [https-openssl-nio-8080-exec-6] es.gob.afirma.signfolder.server.proxy.RetrieveService.retrieveSign Se solicita el fichero con el identificador: lEjtIoIiaCjo7CJIhLQH
20-Mar-2025 23:51:55.245 WARNING [https-openssl-nio-8080-exec-6] es.gob.afirma.signfolder.server.proxy.RetrieveService.retrieveSign El fichero con el identificador 'lEjtIoIiaCjo7CJIhLQH' no existe: C:\Program Files\apache-tomcat-9.0.98\temp\lEjtIoIiaCjo7CJIhLQH
20-Mar-2025 23:51:55.245 INFO [https-openssl-nio-8080-exec-6] es.gob.afirma.signfolder.server.proxy.RetrieveService.service  == FIN RECUPERACION
20-Mar-2025 23:51:59.143 INFO [https-openssl-nio-8080-exec-1] es.gob.afirma.signfolder.server.proxy.RetrieveService.service  == INICIO RECUPERACION
20-Mar-2025 23:51:59.144 INFO [https-openssl-nio-8080-exec-1] es.gob.afirma.signfolder.server.proxy.RetrieveService.retrieveSign Se solicita el fichero con el identificador: 2BZmdISw7niD7QpMWFqF
20-Mar-2025 23:51:59.144 WARNING [https-openssl-nio-8080-exec-1] es.gob.afirma.signfolder.server.proxy.RetrieveService.retrieveSign El fichero con el identificador '2BZmdISw7niD7QpMWFqF' no existe: C:\Program Files\apache-tomcat-9.0.98\temp\2BZmdISw7niD7QpMWFqF
20-Mar-2025 23:51:59.145 INFO [https-openssl-nio-8080-exec-1] es.gob.afirma.signfolder.server.proxy.RetrieveService.service  == FIN RECUPERACION
20-Mar-2025 23:51:59.312 INFO [https-openssl-nio-8080-exec-7] es.gob.afirma.signfolder.server.proxy.RetrieveService.service  == INICIO RECUPERACION
20-Mar-2025 23:51:59.312 INFO [https-openssl-nio-8080-exec-7] es.gob.afirma.signfolder.server.proxy.RetrieveService.retrieveSign Se solicita el fichero con el identificador: lEjtIoIiaCjo7CJIhLQH
20-Mar-2025 23:51:59.313 WARNING [https-openssl-nio-8080-exec-7] es.gob.afirma.signfolder.server.proxy.RetrieveService.retrieveSign El fichero con el identificador 'lEjtIoIiaCjo7CJIhLQH' no existe: C:\Program Files\apache-tomcat-9.0.98\temp\lEjtIoIiaCjo7CJIhLQH
20-Mar-2025 23:51:59.314 INFO [https-openssl-nio-8080-exec-7] es.gob.afirma.signfolder.server.proxy.RetrieveService.service  == FIN RECUPERACION
20-Mar-2025 23:52:03.335 INFO [https-openssl-nio-8080-exec-4] es.gob.afirma.signfolder.server.proxy.RetrieveService.service  == INICIO RECUPERACION
20-Mar-2025 23:52:03.336 INFO [https-openssl-nio-8080-exec-4] es.gob.afirma.signfolder.server.proxy.RetrieveService.retrieveSign Se solicita el fichero con el identificador: 2BZmdISw7niD7QpMWFqF
20-Mar-2025 23:52:03.336 WARNING [https-openssl-nio-8080-exec-4] es.gob.afirma.signfolder.server.proxy.RetrieveService.retrieveSign El fichero con el identificador '2BZmdISw7niD7QpMWFqF' no existe: C:\Program Files\apache-tomcat-9.0.98\temp\2BZmdISw7niD7QpMWFqF
20-Mar-2025 23:52:03.337 INFO [https-openssl-nio-8080-exec-4] es.gob.afirma.signfolder.server.proxy.RetrieveService.service  == FIN RECUPERACION
20-Mar-2025 23:52:03.342 INFO [https-openssl-nio-8080-exec-9] es.gob.afirma.signfolder.server.proxy.RetrieveService.service  == INICIO RECUPERACION
20-Mar-2025 23:52:03.342 INFO [https-openssl-nio-8080-exec-9] es.gob.afirma.signfolder.server.proxy.RetrieveService.retrieveSign Se solicita el fichero con el identificador: lEjtIoIiaCjo7CJIhLQH
20-Mar-2025 23:52:03.343 WARNING [https-openssl-nio-8080-exec-9] es.gob.afirma.signfolder.server.proxy.RetrieveService.retrieveSign El fichero con el identificador 'lEjtIoIiaCjo7CJIhLQH' no existe: C:\Program Files\apache-tomcat-9.0.98\temp\lEjtIoIiaCjo7CJIhLQH
20-Mar-2025 23:52:03.343 INFO [https-openssl-nio-8080-exec-9] es.gob.afirma.signfolder.server.proxy.RetrieveService.service  == FIN RECUPERACION
20-Mar-2025 23:52:07.529 INFO [https-openssl-nio-8080-exec-2] es.gob.afirma.signfolder.server.proxy.RetrieveService.service  == INICIO RECUPERACION
20-Mar-2025 23:52:07.531 INFO [https-openssl-nio-8080-exec-2] es.gob.afirma.signfolder.server.proxy.RetrieveService.retrieveSign Se solicita el fichero con el identificador: 2BZmdISw7niD7QpMWFqF
20-Mar-2025 23:52:07.531 WARNING [https-openssl-nio-8080-exec-2] es.gob.afirma.signfolder.server.proxy.RetrieveService.retrieveSign El fichero con el identificador '2BZmdISw7niD7QpMWFqF' no existe: C:\Program Files\apache-tomcat-9.0.98\temp\2BZmdISw7niD7QpMWFqF
20-Mar-2025 23:52:07.532 INFO [https-openssl-nio-8080-exec-2] es.gob.afirma.signfolder.server.proxy.RetrieveService.service  == FIN RECUPERACION
